ResourceID,Organisation Type,Currency
004622b0-1173-48c7-bec6-66ac305a0261,Energy Provider,Current
008eb6cd-f035-4924-8560-caf196132af5,Local amateur group,Current
00934532-3683-4282-b609-24b392ec7530,Developer,Current
009b376c-7bab-4643-bf66-8c5b5a9f46aa,Consultant,Current
00dd4cac-0399-4386-b2ba-8e58ecc36a01,Consultant,Current
0101f7e4-25d9-46ff-9269-3c5d9bcd34d5,Builder,Current
015a94d3-01d7-48c3-8aa1-6a83f7f4a1f5,Developer,Current
017a7e49-aee1-4fcb-b9b6-9442ff9d208d,Contractor,Current
017c9583-7e38-47ca-b775-bfc88ca1acc1,Architects,Current
0190cb2c-269d-43c0-b90f-6afa87d5cb08,Builder,Current
019a0345-ce73-49dd-9982-50ede416062e,Consultant,Current
01a44159-a393-4d76-89cc-040e8c7abc77,Consultant,Current
01c881fe-47f7-4118-bc5a-c65c882183cf,Consultant,Current
01e19f24-0c68-4f67-b754-5169b7f8de8d,Developer,Current
01f7530b-ea6a-497f-b4d0-071c52e345f2,Architects,Former
02122a11-00a0-477f-8293-26deb5be9c61,Consultant,Current
023eee92-87a8-464b-922f-cc37464267df,Developer,Current
023f823c-0726-45a0-a8e7-3d2c66d54327,Contractor,Current
024bda6b-520a-4979-a73d-bc3aeb9f7618,Architects,Former
025ce0c2-3b6e-4262-8a67-f58accc6b7ce,Architects,Current
025f277b-fe8d-4b02-be84-62e6edb901b7,Agent,Current
029011d8-0f05-450c-8834-67d044147526,Consultant,Former
02924054-a41e-419a-b310-7083fa7efb90,Solicitors,Current
02b97cfa-67ac-4fe8-8802-ef87900d8695,Agent,Current
02bc5647-4f89-461b-b6c8-c3fec3c4d86f,Developer,Current
02e68e6e-4cad-4f23-b023-4b44d1cdb276,Consultant,Current
0332ec50-16f2-4394-b586-a098d8f608b2,Archive,Current
036c2b09-4ad7-41d1-9b42-c9932e5031f5,Consultant,Current
039d783a-b2fb-4402-bbb9-806b58f6babd,Local amateur group,Current
03a6e3c0-c55a-4cfd-a598-4549f745a78c,Developer,Former
03aa932b-87be-4479-a2fb-5991be437b14,Developer,Current
03bec780-8cc2-4c0d-8a0f-37ae7f1f654e,Architects,Current
03bfa7b0-14ef-4698-9fbf-93f82a4a38d5,Developer,Current
03ce669c-ff7c-4d00-bc83-ea59598beb77,Developer,Current
03fef89e-e03a-4817-a4b9-d3dc1ce9c5b1,Contractor,Current
0417d915-56f1-4896-a618-ba3b91e86fa3,Developer,Current
0468e9b3-b7e0-4917-bfce-551fe3fd9981,Consultant,Current
0481e1e4-e82f-496c-bee0-939045e4e904,Architects,Current
04a35639-3542-40ad-8784-8ea1641d93c2,Consultant,Current
057c19ce-9a81-4767-a17e-0f4788f29f21,Contractor,Current
057f5460-d94f-408a-966f-e0f4e19ac7b3,Architects,Current
05a8162d-a538-4060-97c8-ff503bbeb397,Developer,Current
05c88cd1-1e73-43e4-966c-2a4f061d9ee9,Statutory Organisation,Current
060591f5-c196-4408-ae83-d9da350ff159,Architects,Current
068e2911-5990-4c0a-aea5-3a2536b6d6e0,Consultant,Current
06a3bb53-8565-42f7-8133-1aee0735915b,Museum,Current
06a46942-a8c8-434f-8984-86650e6b103e,Developer,Current
06a92817-7998-4446-a648-037ef6e50306,Consultant,Current
06b24439-94ee-4ba1-ae8a-86a21d0c4e4f,Local Government,Current
07367bbb-19a7-46ae-907a-975260927ba5,Other,Current
07ab77c5-a7ea-406d-b72a-8995dc9dc75a,Contractor,Current
07c39c5e-20df-408d-9bab-f5799513251e,Contractor,Former
08113d94-1e94-42e6-9363-b0c865bac123,Architects,Current
0842f5ef-fb82-4c17-a845-afb81caf2c31,Architects,Current
086370f8-a22d-4a89-9631-86653e800ee0,Contractor,Current
087429ae-907b-49a6-9763-53d03eaae027,Architects,Current
08974284-2d6e-492f-8dd7-453970c483d6,Developer,Current
08e2c74f-6384-4a18-8cf7-5848cad518ce,Consultant,Current
094a2d40-5e9e-4a4e-8830-49c2bb74a77d,Consultant,Current
09cbd804-0d79-485d-b86b-c3c3d752313e,Contractor,Former
09da604d-6ea1-4063-8889-0d9e2af49f79,Other,Current
09e5f54e-c9d4-4c32-b94b-af28ca0a3522,Contractor,Current
09ef523d-c247-42ff-95d5-0347c0b3cc70,Archive,Current
0a0755ea-c314-419c-bb9c-ca608b26a610,Consultant,Former
0a1b98fc-347b-41bf-bd9d-902fdffedbad,Consultant,Current
0a3ed59f-5fd0-4971-a5e2-b163f6deaa13,Architects,Current
0a559016-eb35-4e11-bcfc-0ce3cc1bdac7,Other,Current
0a9545d3-55f0-4133-a013-710e07db8b74,Developer,Current
0a9d930e-66a4-48ae-a297-d1b94b034eb8,Contractor,Current
0aa370eb-71a0-4999-8472-549532d4a713,Architects,Current
0ac8ec93-3ae8-474e-8a63-f729a21578f3,Architects,Current
0ae19439-8ea6-407b-a7f6-e5891f99312f,Contractor,Current
0b0c97d5-c1d6-4f56-8eb7-113380796d8a,Local amateur group,Current
0b126afb-a87d-4f0a-9cf0-1ec7372d7fa8,Developer,Current
0b4f08b6-3581-4e5c-8ab3-08e6e6a06f6a,Local Government,Current
0ba51d55-6be8-4792-9795-24b96f08aa4b,Consultant,Current
0bace8a8-c26f-44c8-8f90-933ee0cc60ef,Consultant,Current
0bb3fb1a-5167-4cfa-8b86-760feeb08501,Museum,Current
0c07d0d7-d020-4374-aa3c-4455a3f03c51,Other,Current
0c1af7e7-24cf-42d0-84d7-dff654c01b4e,Contractor,Former
0c1c1c53-6b41-4cc4-afcd-51b1b6535e84,Solicitors,Current
0c4513b7-dd7a-4094-8aa7-e2c0c4e49681,Energy Provider,Current
0c9d7947-8f61-46b4-b91b-7fa2978aa6f7,Consultant,Current
0cac795d-6088-42be-ba96-e2f942436f83,Other,Current
0cc6f7f9-ba77-4bcf-8653-918e75bfc98a,Consultant,Current
0ce03983-e8fa-4593-80e2-196235c4838d,Developer,Current
0d1d0621-0908-4a00-95bb-df405fbcfa36,Architects,Current
0d2781a5-9d3f-418d-a86a-58f13c3ab71e,Developer,Current
0d5d8360-bbf1-420e-bd1b-81ac310d0d82,Architects,Current
0d747ab6-5c89-4d6a-a082-1b6c0b23c8ce,Developer,Current
0d79f1f0-ada5-4b82-b887-65593a2d6fe5,Solicitors,Current
0dfe2730-9729-4d54-b4a0-6c141b454d04,Consultant,Current
0e0e0160-8e28-4ce1-b55c-b1d6390357e8,Other,Current
0e15e353-1a99-41b0-8121-3cb3e145a5f6,Consultant,Current
0e2019d0-8f24-4691-8e50-b7617a6d2f11,Developer,Current
0e538f11-29ab-4fe8-9642-a3585984a48d,Builder,Current
0eb2c97f-5999-4821-8ca8-1451f8d19951,Statutory Organisation,Current
0ebed7d3-129c-4a07-a3bb-39421755283f,Architects,Current
0ec3dec5-321a-45e7-b134-4416ab2e647a,Developer,Current
0edf43bd-b082-42bb-b08d-6779e4cdc7ae,Architects,Current
0ef5d526-3a31-4cca-bd2d-30d4c571ddbd,Consultant,Current
0efffe5c-ef90-4851-8849-375a3231542c,Consultant,Current
0f23175e-3157-46d1-93e0-2e17366e8465,Other,Former
0f522713-afae-4c89-9a38-46fda8bfff19,Other,Current
0f75f397-0156-46bc-908b-b6d731c44a64,Museum,Current
0f8030b2-b551-484d-9549-7d8330762e41,Developer,Current
0f8ba51d-7d50-4592-a16d-814e18fa7869,Contractor,Current
0f8f348c-dc72-4c5f-a543-17e75df868f4,Consultant,Current
0fc0b424-cac9-4bd0-a87a-2c304be34b50,Contractor,Current
0fe7059b-ccf0-4610-be59-96c5f1e14c71,Museum,Current
0ff94f47-310c-4a54-b5d5-39626d8d5ddd,Local Government,Current
0ffe90c2-bc38-47f6-a9d2-b6ebb972fcf6,Developer,Current
1003e223-74f1-4bbe-abfa-3f396a489dc7,Architects,Former
107ec501-ee35-47f3-a35b-d8a41749d58c,Architects,Current
108df406-bdfc-4e0d-af1c-c6f6c318d401,Developer,Current
109f3856-b6ef-49bb-8272-67c98e5926f5,Contractor,Current
10a78f7a-7603-4cfb-b676-e1df0bed7f69,Developer,Current
10c38b15-ce8c-43b2-8f2e-8cdd9e9cba30,Developer,Current
10f1f80f-d94f-403a-ae1c-06f830fdebe4,Consultant,Current
1113aa49-2156-4d9e-9693-098a823f5543,Museum,Current
115095fb-88b0-45ca-8121-0154178f4c65,Developer,Current
115d8bad-e494-4812-ac0b-0e1ea963ea29,Consultant,Current
11c3ba08-8787-4755-8fc6-7883558c3cdc,Developer,Current
11f88b85-a7fc-4850-a378-fcec8742f0dc,Consultant,Current
12055d8a-ee99-4f03-8d55-261a5b03910b,Architects,Current
1217e2b0-520d-4961-b550-ea4afa4d9fe9,Agent,Current
124cb697-2330-46dd-91c0-dd5e49244d01,Contractor,Current
1261d1c1-054c-4f65-82f3-034d8fee7248,Architects,Current
1334de00-8416-4a7e-8ae9-502b2e092254,Consultant,Current
138662ed-08df-4442-9734-4e5211bbc136,Other,Current
13895f72-a320-431b-bd77-3afbf3489194,Archive,Current
13d1fc06-ecba-474e-bd5a-e93d4d4581c2,Developer,Current
14100bd9-6e96-4584-962e-f5d720c77269,Developer,Current
142322ed-7383-4458-b108-8dd16f1b1bbc,Contractor,Current
14282e45-1365-4385-b405-c2c00cd4dcd7,Consultant,Current
14af9ada-824d-4b9a-b585-ce7cb87198d8,Other,Current
14b5fd27-1a4c-4d11-a055-207b4a033f8d,Architects,Current
14d6f6d7-06d4-4a94-95f4-1133c378f4e8,Energy Provider,Current
14e8da6e-f7c3-4311-aa82-fa0b15a221fc,Contractor,Current
1531807a-b56e-4f20-848f-b081aee7c6b7,Developer,Current
15483677-000d-4a3b-a581-9408ef7172a7,Architects,Current
155e5714-2db6-42c8-802d-895d6c25b636,Consultant,Current
1590f6e1-caaa-46cc-b90b-593465acc4ea,Developer,Current
15ce7616-e3cb-4a08-a11d-3c7703d748ba,Architects,Current
15ce8155-6c90-4048-9d99-f6f3984dfaad,Architects,Current
15d0b09f-cc5e-4649-875e-be7cc9e924b7,Contractor,Current
160d1e02-9b84-4dec-bd7f-9842e802b71c,Builder,Current
16233286-9e08-496a-9c6a-cac7d9338579,Developer,Current
1636110f-06c5-4cb0-95ef-bfe0337fd8b3,Contractor,Current
165b1ada-00aa-43be-87f0-44ab444859c4,Architects,Current
16727991-046d-490c-9060-763602d9e2f5,Consultant,Current
1672a60e-67c9-4b63-a6b2-35fd25e32145,Developer,Current
16b8cc9a-bd7c-49ee-93ba-9e31df54c64c,Developer,Current
16c2eec5-92b5-4d56-bf42-fd3eb7eb34ef,Solicitors,Current
16f01763-ba4e-4f92-b0e0-74e46eab0224,Energy Provider,Current
17434206-2b94-4d19-a614-ec3d0a08dcc6,Consultant,Current
1752a9d8-f5fb-48a2-bef6-774358378dcb,Developer,Current
17eb678a-c218-4244-8979-ae9e421acd4f,Developer,Current
1835f723-1b0f-4fe0-98c8-cf52fce6b1d4,Developer,Current
186ef73c-ede9-416b-8495-914e34d8b544,Consultant,Current
187c4778-a061-41d6-a04e-ea666477dccc,Contractor,Current
18a43f98-492d-4016-b852-5041b67509e7,Developer,Current
18e05912-76da-4156-9924-bed3ac3d3bbe,Local amateur group,Current
18fe9794-a398-4e0c-906a-ab8ee638cb4b,Contractor,Current
19093178-bf70-4587-8197-0693a4c5eae2,Consultant,Current
190ff659-5cc2-436e-8797-96d32614a320,Local amateur group,Current
19164c7f-097d-42e1-99a6-9a55eeba12e2,Local amateur group,Current
19235d1f-5c06-462c-8d84-92d1ed2c27be,Developer,Current
1952530e-8bb6-4975-b2e6-962b9960e90a,Local Government,Current
1976f451-bb53-4b24-b2ea-4ebe7280edf0,Contractor,Current
19994518-7016-489d-964b-8725f0348135,Contractor,Former
19a4e503-8b5d-47da-a352-b41f186a1225,Developer,Current
19afff95-0c5b-45b6-b7e2-978b82906ba4,Contractor,Current
19d929a5-4430-4fd4-b3e2-33fdf17c08ee,Architects,Current
1a012d57-7bf7-4913-8839-9c64144167f3,University,Current
1a364477-d885-4849-8e83-4c98e0761e86,Architects,Current
1ae80b70-3874-4085-a619-e00b0df9254f,Contractor,Current
1b42d09b-37f5-4787-bd80-00ce478b6744,Consultant,Current
1b66b604-1127-475b-90cf-04f275d82896,Local Government,Current
1b68bc4c-ef74-4cbc-a8d5-bee6092f17b5,Developer,Current
1b769856-1091-40b3-910b-8102fc7f7895,University,Current
1bb772dc-20a9-416f-884f-7017a0377322,Consultant,Current
1bd0e0ae-61c3-47b3-82d5-e2a758bad5a0,Consultant,Current
1bf7d811-a412-4d3b-941f-e09f01a6f405,Architects,Current
1c045a1f-5d36-459b-a665-b756ea18dd36,Developer,Former
1c81b6cc-87ff-4461-a86d-1e6d25f4b47a,Architects,Current
1c8af398-e8d2-4517-81b4-f356dde1fbce,Developer,Current
1cd154a8-b8dd-4708-b712-eaa90fd2271b,Agent,Current
1cea173d-01ee-4248-be96-b38dfd650b6b,Contractor,Current
1ced43ff-7d7a-4fd5-bc9e-0b88d87dbfd3,Local Government,Current
1d29a0f5-0129-48b9-88cd-bbda5e0e1f7d,Museum,Current
1d897b32-4825-4fd5-ac50-7c0b1b8c8ce2,Developer,Current
1e2a5787-7ec3-405c-a41b-366fa5328d9c,Other,Current
1e3bcc4d-dc85-44e8-af1f-d5df95811f3b,Architects,Current
1e3ddb9a-963e-43c1-8f61-a8dbd18be50a,Museum,Current
1e4bf76c-c931-4943-a779-5cdb5677231d,Consultant,Current
1e7ca384-27b6-468b-b09e-7315b68cb87c,Developer,Current
1e96721e-c8eb-4fdb-b931-a4349012373b,Architects,Current
1e979aba-dcca-4446-b314-8b58ba429eae,Developer,Current
1f0047ac-c9ee-483a-820d-1df537bccbe2,Other,Current
1f09bc2a-4503-4cfc-8b21-31c6e853022f,University,Current
1f155db6-a314-44bd-aa47-7bb0d219b31a,Solicitors,Current
1f3e6b0f-5be4-4f0e-a952-7377d0381449,Builder,Current
1f6d602d-6bd9-45ff-bec9-131f412b72e5,Developer,Current
1f767067-32c0-4b77-8237-3473342fd69a,Architects,Former
20227bfa-a499-42d2-bb5c-dedb365080f0,Builder,Current
2022a6d4-aaf6-4fd5-8eca-0f47347c6471,Architects,Current
20253653-9ada-4db5-aa1e-cb2317bf32f6,Contractor,Current
20eb6092-5392-4ea2-8ac0-1df4d3467678,Developer,Former
21200273-35af-4f3b-b8a3-4d1609713cb8,Local Government,Former
214e2572-9d43-4ff3-bb82-654dc196f1ab,Consultant,Current
21600018-f959-43be-ad83-6b6c41337414,Developer,Current
218d9a3f-259f-467a-b688-a786b7392808,Architects,Current
21a817ec-d424-4159-9cd9-fa158f7c5b5d,Solicitors,Current
21c0472b-908e-4891-b234-9dbdfd77b124,Local Government,Current
21da149d-d591-4286-9569-bc6ad007325e,Consultant,Current
21e073d3-41bb-42a7-b7f3-4856d2687a4c,Architects,Current
21ea932d-1b26-4c08-8e8a-3973789aa3f1,Developer,Current
22188210-2bf4-4e0c-9443-8d49eb2ed698,Museum,Current
22232cf3-e8a1-41e1-8b54-29c40ab7d5b0,Consultant,Current
2274051c-9432-49bb-a106-0c7297e5deea,Architects,Current
22a08604-5447-4281-81ec-ea74f2242ba1,Developer,Current
22ab8563-9c8c-49d5-8df4-50c4ef5c281b,Contractor,Current
22b81cb8-6edb-4044-a431-610de6287b8c,Architects,Current
22c124ac-6c72-4cd6-883d-7b7dee5b48b1,Developer,Current
22e15f4d-9024-4c04-9b27-fd9acfa39bcc,Contractor,Current
22e53489-f3e7-43c3-b403-34c1f391bccf,Consultant,Current
22fcbcec-64cf-44bc-97d4-741ad4a2989a,Contractor,Current
2310ab28-a37a-498b-b9c7-908be057c061,Architects,Current
2366af65-c847-45ef-a533-7e36c816329f,Contractor,Current
23b2882a-66ac-4553-9357-c984c210e5d8,Contractor,Current
23ed80ca-f49e-4857-a931-205595d9b4f4,Developer,Current
2469248e-f139-4d08-b3bf-12609c1468d6,Architects,Current
2487c732-0aac-4b7e-87b1-15045574f568,Developer,Current
24cc0292-48f5-4a3c-a31a-bd1ba792b1aa,Developer,Current
24e502ab-0aa5-44a7-afc7-be003d6b1bc0,Museum,Current
250aed77-bc34-41ff-9315-4780472a6e77,Architects,Current
250df667-e893-4e56-ab37-407ee7f0cfc1,Other,Current
25271a52-df7b-48f0-a8d5-547f993768e9,Historic,Current
25b754c7-74c5-4579-b00d-88ec70792d37,Architects,Current
25c254be-3e6a-4935-9cd3-888b87ef87c8,Local amateur group,Current
25d39243-e113-4898-9e3d-84560df707d5,Local Government,Former
263038ff-733a-4845-8740-f6952e5a4d94,University,Current
2642fca2-47d5-45e3-82c8-76089aad676d,Developer,Current
266863c8-2c5a-40c4-a982-37c21ec6a298,Developer,Current
26d73e9e-8fc4-4568-8683-9e3170ef64ec,Developer,Current
26d980cb-3d5e-424f-ba81-5ab98942bebf,Local Government,Current
26fdabb2-2327-4cb3-afc4-82bc2ddafde1,Consultant,Current
2747c515-cef4-41d0-bd60-d5742d1c920d,Architects,Current
275aed06-d420-4773-9fcc-a4ddfd291901,Consultant,Current
27fca026-71f3-4c30-ba81-1bb08b614abd,Builder,Current
2802fe57-fe87-455d-afaa-878032315c8c,Consultant,Current
2838e6c3-4a47-4972-82a8-2f32644baec5,Contractor,Current
285c9282-a71d-4593-a1dd-0de072433616,Historic,Former
28953491-51a3-4e33-8c0a-1d592ff78a22,Contractor,Current
28a60b77-30ed-4e85-86e1-44555428fe49,Contractor,Current
28b568d6-0abd-4034-bfed-0bfe86f6bc67,Developer,Current
28ca8220-4d63-4172-9df2-639f6a446f25,Contractor,Former
28dbfb6f-fd3a-4558-9885-64f22a0f9eea,Contractor,Current
28e0adae-8c06-4828-8a11-066758474e63,Consultant,Current
2963b6a6-4c89-4b56-8dd6-566fd578904c,Builder,Former
29811c9e-241e-457a-b6e2-08bbbed5c040,Architects,Current
299dd958-8387-4c90-839a-81a1e557e7f3,Museum,Current
29b30c0d-364f-4d71-8b5a-a75e766ee5d7,Consultant,Current
29fb7d1d-ee23-46c7-b4b7-35962d5426fd,Developer,Current
2a910bac-bed5-4e23-9258-51e2d02ea738,Local amateur group,Current
2b1a4324-800b-4cb2-8bef-d9494898c7ef,Consultant,Current
2b1e90d1-b328-49b9-a2c1-8da92c45ffd6,Developer,Current
2b38cf4b-bbc7-400d-8b05-258363dba060,Other,Current
2b402c3d-7159-4660-8aac-621878ebc501,Developer,Current
2b747e34-8122-41c2-aa11-2f1545281b26,Consultant,Current
2b7da8d7-fe6e-4540-bf32-d7bf5fb28b7c,Developer,Current
2bfe1b4a-9feb-49ea-8b8f-ff6e1dd3bf06,Consultant,Current
2c6c3fe6-2348-4348-965a-62ecc65bc226,Contractor,Current
2c6edcfe-a788-4aa6-942f-2a6c8aac76ea,Developer,Current
2c703f92-94f0-4d7b-95de-6c61337b6cf0,Consultant,Current
2c879d18-8d24-4008-b611-e58c00a2e02b,Other,Current
2c8d4e5d-694a-478b-8a5d-077cbb65584f,Developer,Current
2caca1f9-1d8d-42da-accf-9b390cdc4aac,Architects,Current
2cc252c0-446f-4e04-9fbe-87e5a6965af8,Local Government,Current
2cc47b0b-2564-430a-a2a0-89ca9e7dbeeb,Developer,Current
2d778fcb-dd72-4fa8-9d06-1cb2cc5af5c4,Developer,Current
2d82745e-4a9d-4c96-ab91-d331f0ea48d1,Consultant,Current
2d83ac70-be8e-4d90-b660-7081e618880b,Developer,Current
2d8accd3-482d-41cd-a0c2-9fbf9f90eb89,Museum,Former
2dbead29-d043-4590-b11a-df817de20fb0,Developer,Current
2e03983d-44d4-417e-b938-7ebe4457733e,Other,Current
2e16edea-e690-432d-afba-d85d143675e6,Other,Current
2e2326a7-e71e-4682-9f04-f169489703fc,Developer,Current
2e2791a2-1062-4cf7-8c28-256eabea8db4,Contractor,Current
2e368bc1-a8ca-481b-83d2-907e9454a42a,Architects,Former
2e389132-f182-4395-b206-f33a52b90e90,Developer,Current
2e7800cc-b7d7-4437-96f3-5d597c2b035d,Solicitors,Current
2e9104c8-83e6-485a-a630-c35fb5a3d2e4,Developer,Current
2eb63847-9871-4267-9cd5-032b490d3fad,Consultant,Current
2ed43dc4-c46f-4773-a7fc-051438fbc98b,Historic,Current
2f039465-353c-4c1c-8f63-3eb4c280dde3,Contractor,Current
2f0695d4-0f6c-4f39-b086-e85068b5a5e6,Energy Provider,Current
2f3980fe-0990-4d49-99e3-736b348bc8ae,University,Current
2f616a8e-4ae0-4cf5-b168-bd1c68e620b8,Contractor,Current
2f6d96ee-7f0a-4a58-bb2d-7dac0d7f6222,Architects,Current
2f77473d-88d6-4842-9bb1-1a0b44b3cad4,Architects,Current
2f851ab4-9478-49e3-9df4-13de71a47399,Developer,Current
2f8f2a13-cdea-483c-be51-4a7546532a52,Developer,Current
2fca130e-dbdc-4808-8639-e594353b19d2,Contractor,Current
2fca1e8e-b0ae-42a0-82ea-287882faeca9,Architects,Current
3012e340-1f92-43b7-8258-9223c4af52ee,Contractor,Current
302c84d5-ce42-449f-bcea-554cf4708057,Consultant,Current
3051ccc4-d0c1-4f25-86cc-af63e903e110,Consultant,Current
3058cb59-1718-4f7d-8842-1ef98d9b82ec,Developer,Current
305d4558-5d6a-4c90-aca9-00cf85b1f3bc,Architects,Current
3075b13f-c26d-4698-9b96-f83ee893526b,Museum,Current
307d63b1-133e-4a8e-af96-7ce2993c1282,Contractor,Current
3091cc9c-9a81-471f-8c31-3439753008da,Developer,Current
309b95c1-dc9a-4c6d-8bd2-865ae301b80f,Architects,Current
30fbc3ce-a2f2-433d-a77e-3fd4950d5d8d,Local amateur group,Former
31293105-5b58-4670-9687-a4a9961f69d4,Consultant,Current
31559309-0f33-41ad-b774-c31022c8c218,Consultant,Current
315632be-19b8-4e4a-9c5c-c15aca4e968e,Developer,Current
315c0f69-ad2c-4bd5-80ae-b625836e494e,Consultant,Current
31cc804d-7ff7-4fdd-8fda-b1be6f72754d,Developer,Current
31db7bb6-f750-4eba-b864-ed3922997fb8,Consultant,Current
31fb39e0-3c76-4d67-86e6-0a6341597911,Architects,Current
321e22c7-a623-4a2d-9f9d-bb0570bf7e83,Developer,Current
32208508-0710-47c9-80c3-3b886049d088,Developer,Current
327b3ca8-3b9e-4bda-a906-a17222cf7caf,Consultant,Current
32c4151a-d205-4de3-915e-c5165d11f1a1,Developer,Former
32ebe67b-323f-4e00-90f6-a8eb21ef7fd7,Other,Current
32ef9cbd-04d4-4685-af18-4e2c076ab1b0,Consultant,Current
331adf94-1319-43f8-b7b5-f07effb0c4d0,Architects,Current
331e3a7f-bd78-4465-b78a-cc0a8ce09bb9,Consultant,Current
335d99a9-d69a-44d8-8efc-95060914bc41,Developer,Current
33a8a138-ad51-4e8d-89a5-cedd1c8d4055,Historic,Current
33af38e6-c23d-4d40-a544-2984208a7fb6,Architects,Current
33b7a714-8299-4a75-b13f-57bd80bddea8,Architects,Current
33be431f-d63b-4b3a-89a3-b8705d87f8dc,Contractor,Current
33cd901a-1305-4ebe-a45d-10ea23e10598,Consultant,Current
34113f47-b898-4b7f-90eb-6912ea4ef4de,Consultant,Current
3412520d-2e2f-4922-8853-e9d2b3eea0c4,Developer,Current
34135b44-9e44-4112-a830-6501d1db4e91,Architects,Current
341f0b98-73a9-4e9c-8017-8c0410ae3b5a,Local amateur group,Current
345692f6-6240-4644-be94-0afd18b97077,Other,Current
34bb0821-4a25-4857-8374-95012fac4c1b,Architects,Current
34d432ea-844e-4551-82cf-de68f29d6c7a,Developer,Current
35132758-9efd-46b8-a890-4eabe918b75a,Other,Current
35220231-534f-422a-a7a4-e5f9e196cf66,Architects,Current
356fb751-a2b2-4250-b72a-47b8efb637be,Architects,Current
357f1afb-020f-45b0-aeb6-05b79eb399ce,Consultant,Current
35c6e4ed-329f-4b05-9311-7b867fc72530,Architects,Current
35d0a33d-b394-4c83-bcd4-4c4d9d8f1050,Other,Current
35d2daf3-2836-48a8-a9b3-db0ec064d3d8,Architects,Current
35e0fb08-291d-444f-a1e2-d94775bf1b83,Developer,Current
35fc4676-0853-49f3-b8b8-9f97fbfa93a4,Consultant,Current
36281213-5d8e-4aa1-8efe-98269ce1e56a,Developer,Current
365ae828-1eef-40f3-8b2e-02efe51d0e98,Architects,Former
3668bc6b-2a26-4835-881d-f29c53ab29fe,Contractor,Current
36a78110-0e26-415e-9153-e677a45e10bd,Consultant,Current
36cbd8d1-41a0-46c2-872e-74123127bfe9,Architects,Current
3726a865-da88-490c-95b8-41952adf7c32,Architects,Former
37999344-5a43-4af4-8646-605285184df5,Contractor,Current
37b44207-a5e6-4ac1-98bd-b9da2c91fa28,Contractor,Current
37e55b6e-1157-4956-8c45-2ed89d280410,Other,Current
37f5091f-9051-4c32-b216-7c5f1ac8dc8f,Architects,Current
37fd0d0e-9929-43f9-bb90-9d3e7703b6a5,Local Government,Current
38047b8a-408f-4450-bff8-f807bb35726e,Developer,Current
38110a6a-2f1e-4a73-92e0-252d7e3c9f88,Developer,Current
383c4d9c-abc4-4054-87eb-a56a2757ea5a,Builder,Current
38ad1a4e-84e1-48a1-bc09-6154326996ce,Developer,Current
38c31abe-320b-47b8-9aa9-7f9e1b710c5a,Architects,Current
38d79cfe-64dd-4974-8f62-b4241b6f5401,Consultant,Current
3908bef5-5b90-4d74-9ae9-f4d6b8207c96,Consultant,Current
390bf5eb-0288-4460-b289-1bd57f919e71,Consultant,Current
39264c8c-cdc2-4120-a881-f3fa5e87916c,Energy Provider,Current
3941ffaf-133d-466d-9922-a105fae1a0bc,Consultant,Current
39655c6b-d2d4-4282-9b35-01edcfa7424d,Contractor,Current
3995687c-dff7-4a18-b2e9-a88621e96c75,Architects,Current
39b366c0-cc8f-4ae3-9d20-40c1318d3722,Developer,Current
3a325b25-7c52-4f07-a3eb-e7bc9197be88,Local Government,Current
3a47903d-2e00-4ebd-ada7-8a398cb50355,Contractor,Current
3a5fccf8-fadd-4e44-8501-d74b8d0a77f5,Archive,Current
3a723416-e719-445b-a1aa-d366698f7006,Local amateur group,Current
3a74ff2d-23d9-4d1a-b2f1-d2e8139493bf,Architects,Current
3a9a7b4f-b42f-4f55-a3d4-0e3052b25f50,Developer,Current
3ab33ae9-af84-4745-8487-9413880115ca,Developer,Current
3b31f3d2-ce68-41d1-ad4c-e2edd6ade06c,Developer,Current
3b35145a-06df-4ad1-8b8d-083933eb6c66,Contractor,Former
3ba1152e-6933-44e7-bef8-7669c8a12632,Consultant,Current
3bbeed63-2944-4c61-871f-3d0c8801192a,Architects,Current
3be58c31-0c3b-430d-828d-80363a0303c1,Local amateur group,Current
3be62d67-6271-4898-873f-dad8283a11cd,Other,Current
3bec19fb-9dba-4de3-afaa-f67fb329aec3,Consultant,Current
3c0a1a40-6d56-42a7-8a95-96a5395d428f,Consultant,Current
3c3643b0-d3ff-4a0a-b542-aa3f18712345,Crown,Current
3c6bf1f6-47cd-4229-9f53-b11cd4f8a51d,Developer,Current
3ca2a260-6274-48bd-84d2-d1c9a8d4118a,Developer,Current
3cc571b8-3235-4030-a646-45eedad9be0c,Museum,Current
3ce99e19-b4ff-43c0-bb51-c7fd496daf4d,Developer,Current
3cf3eb04-2676-4bb8-8d3e-48e18d6e7eb1,Architects,Current
3d26c72c-4e3f-42af-8c8d-ac5a268d7d0b,Statutory Organisation,Current
3d3d9b2d-4903-44bb-afea-ba39a83635d4,Contractor,Current
3d4ef5a5-7881-49cc-a9c3-eb66d3d20d17,Developer,Current
3d8dd255-88fb-47a0-9b76-45b17f943527,University,Current
3dc06bf1-6ff0-4dc5-a0ad-493d60aba830,Other,Current
3dfd3a6e-9699-4f43-9a0e-1b47773d819a,Consultant,Current
3e07b15d-5f5e-4fc5-8f8e-841b8f4e990b,Architects,Current
3e32b8a3-9455-4af4-9050-edc8217ee9df,Other,Former
3e391bec-7215-441b-919c-cd8875f621c2,University,Current
3f681a4d-62cc-4cf6-95e6-1b3c21b42b91,Museum,Current
3f7bdf19-29b3-4439-81b4-0d835963f414,Developer,Current
3fa13e69-0516-4593-ae25-9f0f174e82d1,Other,Current
3fabbbbd-9907-4990-9050-8835b08c47b8,Consultant,Current
4000fd3b-73a6-4f9d-a7b8-9b4dfe86bd19,Local amateur group,Former
4006f302-4d97-45a2-aa14-59c58cd85c5f,Contractor,Current
40393350-f8a0-47be-8a85-da720b71f316,Consultant,Current
4049c20f-e897-4450-a597-0f0f5c4685d9,Contractor,Current
406434d7-1bb6-4913-89c3-e060c5ce0b0c,Developer,Current
406aaa04-d78b-4000-a23a-cb2541dc0aa7,Architects,Current
406c4c1f-02f8-42b5-b8cd-1c8ba82cda09,Contractor,Current
40d107ff-a621-4461-a940-a254525036c1,Developer,Current
40df275b-2475-42f0-8d7a-2ccfb6886b83,Architects,Current
411b0b1e-b54c-4e2c-a28d-22dd4ecbda69,Developer,Current
41a750a9-7388-450a-a400-d375bda06ea2,Architects,Current
41d7b8c0-758c-429c-ac6d-6ffd3d53253b,Developer,Current
42041417-66f0-4953-a6df-ac5dcfdbb974,Consultant,Current
42afafc5-6a73-44c7-b599-5a434cf768e8,Other,Current
42c1e123-6ab5-448d-8c32-fd317e966ef2,Museum,Current
42d55382-67b9-43d4-96cd-84e3f3c13786,Architects,Current
42ec4b80-0d5c-4103-9324-a766211da774,Developer,Current
4305e7fa-d703-4050-94fe-c221426b9ea7,Developer,Current
434bb11a-ca09-4878-a24f-04474953aa70,Consultant,Current
43698e4e-58af-44b4-ac50-5eea743b12f4,Historic,Current
43807cfd-5d23-496b-b91b-abc969e71f77,Consultant,Current
43c588b4-5ab0-4458-b220-1475d44a7f0a,Consultant,Current
43c9175e-176e-48e1-b691-fb92860723e2,Developer,Current
43e58b54-e596-4ab8-8272-9cfe84ec2fae,Contractor,Current
441577d3-c23f-4283-a560-b085b76051f4,Developer,Current
4433f8a3-d085-4798-96af-6679730e79f3,Developer,Current
443667a0-b528-40db-a7fd-72b84f13865f,Developer,Current
44561843-f9ec-4324-baa7-4230e6315c03,Developer,Current
446f1e0c-65d2-4f32-ae2f-afe802fb9183,Consultant,Current
4472bdaa-6838-4deb-845c-3b4ea2b521f3,Developer,Current
44787837-32df-477f-bc48-979e45df020e,Solicitors,Current
447a0883-ee6c-4ef8-a8fb-53ad028bc1e9,Consultant,Current
447e4f37-9dfd-4581-9566-b2d0f5634029,Contractor,Current
448cb393-8e20-44d6-a5db-123ca97f56bc,Developer,Current
44a96833-3898-4e61-b1d3-ceb1214b2a11,Architects,Current
44b4313a-44b8-4e2b-8eaf-bf60c24e4ef4,Developer,Current
44fa3e8f-a22d-4ef1-bd81-600df9bc50d8,Local amateur group,Former
4505a45c-4faf-4d36-99e9-edb6f16a1d62,Architects,Current
4508bd14-13da-415d-8f99-2d33fd79c191,Architects,Current
452337ae-4b89-4a80-bf12-975c7052e14a,Developer,Current
4571d08d-4163-434a-8d05-b1cd7e0579fb,Contractor,Current
457e6566-1107-4483-9a55-93f2ccc9b129,Consultant,Current
459c1774-afa3-4e43-8540-80f47fe0f9c4,Consultant,Current
45fcfd3e-edf5-4b43-876e-c421d603e3fd,Other,Former
463901cc-a917-46a4-ad7d-8ab75c4a296f,Developer,Current
46480542-0ef2-4d6e-809c-d50e7daca010,Contractor,Current
46c2f077-391a-4ce9-9328-da48665c42f2,Architects,Current
46f3271c-5075-4a26-85b6-715a8c45bab4,Consultant,Current
47228583-5ce8-4d49-b703-558fa8fc5b80,Museum,Current
474a2a55-28e0-4bb5-a886-d29ec1169399,Developer,Current
47cb9ce3-72c5-441b-901e-f664affd104c,Architects,Current
47d81be8-078e-4c31-9ff9-6f135805d701,Other,Current
47e76eed-a9e1-425c-8ffe-7ecbc31801dd,Contractor,Current
47e99e36-f862-45c2-8342-f31c0ae9d342,Consultant,Current
48082bab-2b29-4007-85cf-1ecc2aa6343e,Contractor,Current
4843c00d-3950-49aa-9f0f-f190ec43f313,Other,Current
485c75e4-a1c9-44f5-9af4-cf3b3fac09fa,Consultant,Current
4882fccb-0b73-4aff-9647-9b8163419363,Developer,Current
488f2de2-7b12-4ca3-83a1-4b03b7661fc5,Developer,Current
48c6feb0-1f15-402f-b488-6098e4c90fa7,Architects,Current
48f36013-0ade-40d5-b89f-ef9fe6f498b9,Contractor,Current
48f99333-7d56-465a-8dee-d473ef9add97,Consultant,Current
48fccbbc-4e43-4f4e-a7b2-d7df8d0271ba,Contractor,Current
4952b763-481f-4451-b853-1ed77d7a4316,Developer,Current
49574874-c8f7-4dfb-adc6-7d2d2bf2370c,Developer,Current
49600b2f-a374-42d0-b9bd-9e6787c1f134,Museum,Current
49abd38a-fbb5-49c8-b833-c417bb21b2de,Developer,Current
49e27573-a9e4-486d-9b4c-033256d5a694,Developer,Current
49f9d7d8-52c0-4248-bab2-12cc3768a974,Contractor,Current
49fb2e82-cfcd-4ad9-8f98-202aa5c5f8b1,Consultant,Current
4a58e805-010f-4790-8bea-6c80404cddc4,Developer,Current
4a9d7e1e-fdf7-4a4b-9aba-e6c473823ba1,Contractor,Former
4aa34b47-e7ed-4cd8-90e6-21c03a279c10,Contractor,Current
4ab08bbb-29c0-417e-a4b4-a4b44382931c,Contractor,Current
4ac2077e-7084-4551-9948-13eca9ff6562,Historic,Current
4acfa1ab-48c0-4ad6-b776-b83565a7d86e,Consultant,Current
4af17d7c-3ac3-4c1d-965e-84e049a12bf8,Contractor,Current
4b0074e6-e847-46c6-b79b-01672c161bed,Solicitors,Current
4b014931-fd25-4e50-b6ac-25e4e501062a,Consultant,Current
4b29a3b7-2b72-4d66-a67f-02990f66c04d,Consultant,Current
4b2b8a3d-211b-4e43-9a81-0ffe9a08afd6,Historic,Former
4b546c1d-1761-4ab7-ab46-61570376822f,Developer,Current
4b7d07fc-7a18-4653-bdd2-e4c43138b25f,Consultant,Current
4ba85734-5b2c-45c7-8135-9f3e9e56faca,University,Current
4bf6e247-f4dc-465b-b4de-6e27e2035ece,Developer,Current
4c2e1a34-c4ac-45db-b927-986d40c02277,Architects,Current
4c338e03-5079-43d1-b264-4f3cdaecd683,Other,Current
4c417c36-7b91-41f6-8c51-011dc3cb1658,Architects,Current
4c8929fa-bb6c-4d23-a511-fb089e46afda,Contractor,Current
4ca00268-64aa-4c94-be80-51ede65d62e8,Consultant,Current
4cc8e6b9-2f7e-456f-8cc2-a9feefab97d4,Contractor,Current
4ced7fcb-a344-43e5-b586-df27860da0f0,Contractor,Current
4cfa6103-3eac-40c1-9abd-3a6c203a644a,Developer,Current
4d0a3bef-35dc-41cd-a2ce-d223755a7f23,Consultant,Current
4d666117-99b8-4b18-b0c7-0780497add48,Contractor,Current
4d9502c5-f8eb-45fd-9efd-b24df820539d,Statutory Organisation,Current
4d9cfd8b-68da-4dcf-8d88-9a994276decd,Local amateur group,Current
4db2df26-88f6-4556-993c-244c2b7554d8,Local amateur group,Current
4dfcc109-8285-4bb8-92f1-0c8e254388d0,Consultant,Current
4e4e37bf-336a-40da-ace0-917eb76bc796,Developer,Current
4e6c714a-94dc-42bb-b2c0-9f5d8e6817b5,Other,Current
4eb2e6bc-8fa8-4a13-a283-e326ae3ff157,Consultant,Current
4ef98812-4291-4a41-b5ed-c03d640891ad,Contractor,Current
4efe0c8c-5b9f-4acb-bb26-b2dee64c83fa,Builder,Current
4efedb63-8602-42c5-82ef-d88ed1fc126c,Other,Current
4f02bf39-9c85-4ed6-b79d-28563caf37d7,Contractor,Current
4f417019-ee02-47a9-82ed-e33ccbc5a608,Local Government,Current
4f7a0eb5-3533-4c73-8fc2-3a0b81a2c3a7,Contractor,Current
4fd68fa4-2e2d-4cf3-b75a-3d269ccb10ba,Consultant,Current
4fe0c9bb-e04f-433b-865f-11136bca2860,Developer,Current
4ff46d34-0943-46ee-bc03-47d51a8e5672,Consultant,Current
50073790-d8af-484f-82f2-0c34d4ca23ed,Other,Current
501dd5b6-167a-49d3-a7c0-b04fe1498ad7,Contractor,Current
509b7ca4-a1f3-4685-877c-f397eb25ab3f,Contractor,Current
50a72d6d-c0d9-4983-87e3-04fea64f6a66,Developer,Current
50b33119-f8ac-444a-87b8-7c27f3856676,Solicitors,Current
50b3eba0-8eba-48c6-ac81-76f1808df22b,Consultant,Current
50c27595-eae2-4df9-a5ec-53e519354f1e,Developer,Former
50cf138d-fc3a-4ca4-94a3-6a9d592150da,Contractor,Current
5124512b-d12d-4821-addc-28ce0a1fcd21,Consultant,Current
514955eb-8955-4727-92d8-f581dea87b90,Consultant,Current
51962498-2fe1-4eb6-9ffc-e097a16ae71a,Contractor,Former
519ab8a6-fa4b-4603-a2cd-527094978eda,University,Current
51a9d82d-4ef7-4f01-a7f6-662f8da52580,Architects,Current
51fa8c73-e65f-4db8-bb6b-5c73cc5f30ef,Developer,Current
525fa928-2f22-487b-9162-0420480d198d,Architects,Current
5268a336-8bcc-479e-926d-1e3945d500a0,Agent,Current
52909575-1813-491f-8e71-402b2f8acc64,Consultant,Current
5290aafc-516d-4556-83f6-5e71073eec71,Local Government,Current
52b361fa-f709-451b-b2bc-42ecc76f8f61,Contractor,Former
52f64ba8-a509-488f-98ec-d1413c262491,Architects,Current
53407431-999d-4423-ada8-fa2077c40805,Consultant,Current
53443703-bce3-4e3c-a147-fe59826abe4e,Consultant,Current
5367ef65-9e4f-4a41-bcee-141f6bb08d34,Other,Current
536cf6f0-7b73-4ec3-9a3f-0486d5ba23f0,Consultant,Current
536f10e4-61e7-4624-88d3-7736fc6c4f42,Architects,Current
538e5d07-ff9d-4baf-a054-ca214683d2f7,Architects,Current
539ebccd-0cb2-4527-9253-948828bf8402,Historic,Current
5424501d-fe1b-4805-99b4-eefd6098b05f,Architects,Current
54351b07-355c-44fc-9e86-adcb4bb7cd59,Contractor,Current
54575c5f-9fc8-473d-84e3-d960a39c2251,Developer,Current
549cfda4-50df-454f-aa01-c7312223d234,Developer,Current
54bd3216-ad1c-4e64-bdb8-7c432fc31a6b,Other,Current
54e85320-7312-403c-80b1-1ee8ad3a58bb,Developer,Current
54e94a19-a05b-4002-8e8e-4e8850989402,Contractor,Current
54e953e8-628c-44d1-8d6b-9c1c740a47f0,Architects,Current
5531b17e-67b6-42db-bd12-164b96eee41a,Archive,Current
554fd853-548f-40da-870f-361d60d3bc98,Contractor,Former
556400e6-f5e1-4bcc-8d13-153c559c1d25,Developer,Current
55fe888f-1807-40fd-8b9d-50c3377c50c4,Consultant,Current
561c46ea-62a9-48ea-9b16-044b751ad327,Builder,Current
5697c157-106e-4082-97ce-5d5b249610d5,Architects,Current
56e233cb-9711-4304-bcf7-eb86f347e8fb,Developer,Current
570623b2-3559-4db0-854d-49ce50345ba5,Consultant,Current
5710deee-851d-4e1e-bebd-f3d8b33046bd,Developer,Current
57501567-615e-4ee9-bb11-da76b9c7df16,Architects,Current
5760306d-d427-4187-aa00-b10bfada05e4,Consultant,Current
57c06931-001c-4320-835d-dc4c197e4d4b,Developer,Current
57d73eee-118f-4f21-b183-c8b82875e61c,Architects,Current
5803cec4-37da-4375-b3fc-a9bf9f0b3728,Other,Current
580c88f9-a48d-477c-a0ec-bdae3f70623c,Architects,Current
58162ac3-d00f-488b-8961-1ea040cfc1fa,Developer,Current
58171dba-948c-46ef-ad86-983ef54e6be3,Other,Current
58857103-8919-4a67-aba5-356329a589d7,Developer,Current
58a94da1-7119-4854-aa72-27673b844bb8,Architects,Current
58b80fcf-301b-42d1-a3c9-8411c5bb0e93,Consultant,Current
58deac29-5c42-4416-99bb-b3618cdfbdbb,Museum,Current
58f5945f-8511-415d-8f12-8c5905e56504,Architects,Current
59513921-217e-4253-8c86-1f0d10fbdf7e,Developer,Current
596b4be4-7d1a-4cc9-98f4-bf93128df362,Contractor,Former
596bf133-89f5-43f5-a72c-128c0a82d56e,Other,Current
5970a1ea-0928-4a8d-8e1d-4181648609bc,Local amateur group,Current
59f9efbc-4855-44be-8911-2738591321b1,Historic,Current
5acacdb1-0582-42c3-ac33-94da299c71a1,Solicitors,Current
5af398eb-901f-4038-9e6c-bc2e3214e51f,Architects,Former
5b209b1f-a13e-4456-bedd-f73dbe0be472,Developer,Current
5c030ed3-a525-4232-ae12-0683a6da1236,University,Current
5c0706dc-ab7f-4737-8492-75b87f6b5bfe,Solicitors,Current
5c12e01d-39b7-4ed9-b9cb-81c0c4e3cd7e,Architects,Current
5c2d4803-27b6-4e73-b030-7535843cacf3,Museum,Former
5c48cc9e-12fc-4ef8-8c2f-48e6bf2a0bf0,Local Government,Current
5c49ac85-ecd8-4ea5-aefb-a35f698eccfc,Developer,Current
5c4f800e-2dd2-4f6b-ab82-18570c25872b,Consultant,Current
5c7cf9df-8400-4469-be40-c785a6ae8445,Architects,Current
5c7d5d6b-3f51-4be4-8dd5-e3e8d4a48033,Consultant,Current
5c870c20-cc8e-4f76-96a8-eaf8140ee887,Builder,Current
5c890db8-748b-4c99-badf-e9f5c88a52b8,Local amateur group,Current
5cd869d3-f0b6-4e73-883d-eca23ec0fe2a,Other,Current
5cfacd30-5297-4500-8358-34630137436d,Contractor,Current
5d72fcdd-415e-460e-b68a-fac73769d63d,Developer,Current
5dc56588-c407-4b24-955c-5334091429d5,Architects,Current
5e02c673-b9ef-405c-9e62-585ffda3802c,Developer,Current
5e29115f-9910-48b3-8b02-e3adae5ecb06,Consultant,Current
5e79cc85-8d23-457f-a5f0-5ff83b792e5d,Energy Provider,Current
5e7e850a-b9b6-4e4f-8314-0c7efad0a52b,Developer,Current
5eccb629-a640-4961-9e99-adbf0b4e82b7,Developer,Current
5f050a7d-ddfe-40cd-8a81-92d840288961,Local amateur group,Former
5f4e15a2-a619-494b-b0b0-4386e58be9c7,Contractor,Former
5f8ad9e5-0fc7-49f2-b70f-bc288e545773,Architects,Current
5fca9dbf-9064-4097-a0e3-4733ddcb1b00,Contractor,Current
5fd2f9c7-1e45-4152-af84-5770f25a7314,Developer,Current
60447fad-e6f6-4b82-8a23-51a377ef66cc,Other,Current
6077cfed-0135-47cd-bba8-fca1f0cf5c08,Museum,Current
608b1262-9e08-44eb-a7d9-92ea24cb7466,Contractor,Current
609ca85e-9a32-4157-8d8c-086fd769c3c4,Contractor,Current
609daa06-ccb6-4948-bcee-f5c84851177c,Consultant,Current
60bcd53f-0d96-43ab-85ae-0db421b99481,Local Government,Current
60d65287-c67c-44fb-93ca-f7168f47bdef,Developer,Current
60ef6772-3791-4923-8342-27093af62c9e,Developer,Current
6209a0ba-fad0-4c31-8c6c-362c6b409ea3,Contractor,Current
620d8e60-f356-4dfb-bc1d-ac96b3039a2a,Consultant,Current
62889ad2-4d9b-4a33-9c6e-11af4ce74d7c,Private address,Current
62f32fa7-ce23-44ef-822e-7800083f62f5,Statutory Organisation,Current
63215f73-f4b2-41f5-8bb9-8694e289ced7,Contractor,Current
633a8fff-2b34-41d1-a723-4daad35131f1,Architects,Current
6340efb0-3e73-46ed-8a49-1ccd306dc799,Historic,Current
639390d0-f8b9-44f4-b0e5-122e08f9a6d7,Developer,Current
63db0bfc-b615-4e4a-b759-42d369a0cfa7,Architects,Current
64077303-13e1-4f6b-b858-dc4b772e6eea,Contractor,Current
64688e6a-7c96-4a73-af4f-6c58504b4f1c,Architects,Current
647ffa0c-00cf-4191-958d-1b8f26f627f7,Architects,Current
6494147a-756b-4e52-958a-a9c5b65a20a9,Architects,Current
64ace8a7-649a-4965-a897-b73e95b047e3,Consultant,Current
64d91a9e-55ea-4207-809a-b6b4afdf8d23,Developer,Current
64f9a244-e512-479f-b205-0ba192129254,Architects,Former
655412f4-2ed6-44f2-a790-bfa55e523439,Museum,Current
6584ba11-5ad1-4825-8edf-50af5597e56c,Contractor,Former
659bf8f5-783b-4837-a076-8bb31e3ae54e,Developer,Current
65fcee1b-5417-42c5-9c01-8363d47c3559,Contractor,Current
666b0f4d-51e3-413f-b91b-2e8b707a795e,Consultant,Current
6674a9be-7780-427e-8d19-0a6cc2d72a6f,Architects,Current
668052b6-ef61-407c-9be5-70f47abde244,Consultant,Current
66922642-8c1b-4419-9437-737170a10c07,Contractor,Current
66dd221a-20c6-4e4b-9987-690fedf20c75,Architects,Current
66f23a4f-690e-499d-b817-5aa4a828e88b,Consultant,Current
673a7353-25fc-4406-b1d0-2ed0bf257d48,Developer,Current
673b7beb-06d8-4226-9bd0-e2468c49a031,Contractor,Current
6744e523-3399-44d6-8dff-903c73056681,Developer,Current
67a44d03-0c2d-4fb1-b061-40e7e14feabf,Other,Current
685629bd-52c5-42b7-afb2-c16a115bea23,Other,Current
685d9acb-5376-4075-b7b4-b002d0f156bd,Crown,Current
688a2684-c2cd-4326-8dd7-8a36c67dd352,Contractor,Current
68a40a2a-3d6d-4303-afae-5fa220efbc02,Consultant,Current
690f9c81-32f1-41db-89fb-7fd7961af7e1,Architects,Current
6954ac7e-670e-4758-98a6-87fc6aced826,Local Government,Current
69a48153-c9a7-4e7d-a542-173b60370e3f,Contractor,Current
69aa2da7-d1fd-4ee0-9298-c1aceca5f5e0,Developer,Current
69c499d5-5b23-4269-932a-2081f7c0b00a,Architects,Current
6a1a8a02-6fe5-4bf7-8152-f015c9d2677a,Local Government,Current
6a37c72c-e1a5-4348-9bd1-8d298ba5fb2a,Developer,Current
6a5cefd0-8e38-4e8c-8a7b-69616eba1555,Statutory Organisation,Former
6a70cf83-bcd8-48b6-a6a2-f4b90e2e32e2,Contractor,Current
6ac80559-7905-4d19-b430-3c2cbc8ed60a,Developer,Current
6b12e908-5082-4848-971f-2e73eb798b1c,Local amateur group,Current
6b2c3305-ced1-4660-9396-d3a97c4641c8,Consultant,Current
6b34fb48-f4ba-44ab-9436-14c3bee41df3,Crown,Current
6b701679-ab03-4df7-9c66-7c1866cbcb54,Contractor,Current
6b84991a-3a80-402d-823e-012cb4af95a0,Consultant,Current
6b993d94-026a-42cd-984f-f5f7afc5b6b8,Statutory Organisation,Current
6bb111a6-a72a-4f35-b7c3-2292d6f8f2e2,Architects,Current
6bd58dc1-8986-414f-872e-cfd2bc019273,Contractor,Current
6c0673c3-c1f7-4039-86a9-9ab7bfa168a2,Architects,Current
6c7d10d0-0990-4033-b4da-7d6aaa4352f4,Consultant,Current
6c9d24df-203b-4e6b-abf5-7b569164e55d,Developer,Current
6ca52f15-b72c-4263-ba4b-55879f927b21,Consultant,Current
6d3b7741-38bb-4bbd-bdfc-bedb651f19ea,Other,Current
6d8f650f-9037-4bfc-90a5-5318c2469a29,Local amateur group,Current
6e084553-33f7-424b-98bb-d1e1788faa85,Contractor,Former
6ef30e71-5734-4eff-801d-ca9e9b64574c,Developer,Current
6ef994d3-c217-4567-93b3-0bfbc7bb0e17,Contractor,Former
6efa4ce8-e4f9-43e2-a77c-1b01842e1d1a,Consultant,Current
6efb2b4f-6a23-4393-82c7-42917d17ba70,Archive,Current
6f499162-9522-411e-9b20-a4c56ec7da17,Local Government,Current
6f5d51e3-0235-4aeb-9876-278ddbf7d076,Contractor,Current
6f6f4895-345d-424c-8847-974ec00fc9a1,Consultant,Current
6f878012-5c3d-4278-8948-61d110a6aa9c,Consultant,Current
6f96c6e6-1870-4191-8874-4afe755957c4,Contractor,Current
6fad69d9-4e3b-4d1c-9d11-fbe49d213874,Other,Current
7002c651-eecf-47b8-948d-dd08a335bf6c,Local amateur group,Current
703137d1-7fb5-43b1-b323-e765b3906c58,Local Government,Current
703fd159-eac1-49c3-9581-ec7f80aa5531,Architects,Current
7044ede1-f916-4410-9971-c89d285f5287,Local Government,Current
705c5d78-a4c8-44dd-af48-cdeae9377ec4,Consultant,Current
70679223-c1d0-4a6e-91e9-c2e3a68c2f3d,Developer,Current
707de73e-6bf5-4507-851d-3d614596ef45,Consultant,Current
70ddf54a-206f-42d8-9254-eab7e92cc760,Developer,Current
71112e9c-7b3f-476d-9b09-b2a6a7304c71,Consultant,Current
71a877c9-2692-4b61-a4e6-06819e18b472,Local Government,Current
71e58017-2392-4e5a-85c5-05ff4d024a14,Consultant,Current
71f456a3-e890-4f68-845d-8c67e32e06b8,Developer,Current
7201ba83-a5e1-48b3-b3de-213d6acbd2bb,Contractor,Current
72849502-24f4-4243-bceb-be64d4552883,Architects,Former
72b0081b-b733-4e1a-ab4d-2e0b8510c208,Consultant,Current
72b14001-9628-4c8c-aa53-63b3fb0c4931,Energy Provider,Current
72c16b04-0341-4fd2-b8b7-6b8f80726176,Local Government,Current
72ccf8a0-0c06-456c-b740-1b1f5a076174,Developer,Current
731aa8b1-c8f5-4def-ae39-1fe212c8835b,Developer,Current
7331103f-5f65-4421-a79a-ddb7f30d5745,Other,Current
734f8d32-bca9-48ce-ac73-db4faf64e0cf,Architects,Former
739b34a2-1dc5-4f58-a4c6-e636d727c085,Builder,Former
7422f9e5-046a-40f0-8cbe-6937dc2500a4,Architects,Current
74437e7c-aa77-4208-afa9-d310fccee1ae,Local Government,Current
74c621ff-a7c0-400e-8510-e1b20b58a004,University,Current
74fa2148-b2b7-4dad-9f4b-4497c11789aa,Consultant,Current
75393d02-6506-458f-8bdc-7f718362fa51,Developer,Current
753d5296-a22e-4490-94eb-9daddb510fd3,Developer,Current
7594e648-e6ca-41a9-9eba-91014f0aff0e,Developer,Current
7599da3b-cacb-4e29-be54-4b0f4c4452a9,Other,Current
75b95aab-6600-4d40-8ae7-95bcde49fe04,University,Current
75b9aa58-a0d2-4073-8a84-9dcc1e205c73,Consultant,Current
75e6a87e-3272-41d5-88b4-f9716a3bbbdf,Local Government,Current
762bce24-d0df-47ac-8704-17a07aea59e4,Developer,Current
76506949-1db1-4de1-b3fa-9b89baf9a66d,Archive,Current
768a1f27-9708-41b5-b3b9-61a3b82d7308,Statutory Organisation,Current
76963890-cea4-4af2-95ed-c5ac2f0a80aa,Consultant,Current
76aa26ef-de08-4020-97c5-c020c5ccdfa5,Developer,Current
76ce1c45-f04f-4ec9-90ff-4d5992d6ae0f,Contractor,Current
7727d2ff-8c14-409d-88ec-4d8704aec042,Developer,Current
788b629a-fbf1-4f7e-87c2-231554dabc25,Consultant,Current
78a308bf-291d-4dfd-8e9c-a8e842d50b6b,Developer,Current
78a59504-e037-4915-98c0-fe196fef1d25,Contractor,Current
791e3f8c-3789-45c6-841c-611ae019e2cf,Private address,Current
7939c1f7-53fa-4ac1-afea-e4bda597e687,Museum,Current
793ceb31-2f82-42ee-ab5f-bfccbe17eba3,Architects,Current
79487153-4543-4f07-ad73-8edb09e1ddbe,Architects,Current
79d23412-4d10-44a0-8976-bf0738a0e661,Consultant,Current
79d9b102-e070-49f2-96f2-5c4239b99c58,Contractor,Current
7a0df32c-5459-4c09-88e2-519f0a0c91b2,Architects,Current
7a8b1357-1d4e-4885-8647-8d2a2ba4cc65,Statutory Organisation,Current
7aa42402-637d-44fe-8efc-54ec244c1707,Other,Current
7aa85c33-5cff-4a37-9b42-a1c111eaa6d9,Contractor,Current
7aea3477-3977-419f-912f-e171c15af5a9,Developer,Current
7b0f15c2-1d9e-45f0-b7d2-e5b1087328cc,Developer,Current
7b2ffce8-dd5d-4e0b-8c4d-7a268bd0c12e,Contractor,Current
7b551383-d812-4adc-8ed6-4e02b3f840e1,Consultant,Current
7b6cde50-fcb8-409f-b49d-4feadb508c94,Statutory Organisation,Current
7b9c8271-9c5d-407b-935c-2d8749160096,Architects,Current
7bbdb501-8f38-4657-8807-799d0d46e0a4,Local Government,Current
7bc97a09-6b1d-4b8a-895f-8513434aee68,Local Government,Current
7bd61e44-f223-4fa2-9227-7eeb5f775975,Consultant,Current
7bddea49-6898-487a-968e-c58f268af651,Developer,Current
7bf1fd9a-bfa0-4b62-b548-05e2453d924e,Statutory Organisation,Current
7cac05fa-9cd5-4c06-a245-1d0e6f4318af,Architects,Current
7ce440e9-ba28-4666-a19e-fb898892ad45,Architects,Former
7ce58ec2-7ce1-4926-ad51-e68e5f8d9360,Other,Current
7cf5d7c4-2425-47f4-aa1b-77d8a5b8e360,Architects,Current
7d3fbc8a-6dd9-40b1-810f-e68e31f7eae1,Local amateur group,Former
7d5d0a69-680e-4e66-8a97-0a707911609e,Local Government,Current
7d68af80-900e-4855-8fa6-9e8fba0b1590,Other,Current
7d8bec3d-93cd-4b5b-98b5-f046bfef9f5b,Developer,Current
7db47f3c-cd12-44a8-8c19-51df136ea1f3,Other,Current
7ddfb475-c0e0-4698-a070-1e2846a7578a,Contractor,Current
7ded9bb0-732f-4618-98a3-ac516afe31d0,Developer,Current
7df2b2b7-bc5c-4707-bc03-101a69b963f2,Contractor,Current
7df4636f-e4cd-4598-acfe-dc6f94e5bedb,Historic,Current
7df7f83f-a7b9-4404-8286-1ed067139c22,Consultant,Current
7e29da31-c69a-4ae1-ba56-3b89b36a4e91,Statutory Organisation,Current
7e34b4ec-4891-4b34-8b37-17ccbf6292ef,Consultant,Current
7e443f23-0f32-4462-ad21-4af99e51545a,Local amateur group,Current
7e5ecd73-855c-409a-8597-32f168927339,Contractor,Current
7ea4f17d-715e-4906-9ad4-d64b63f2431a,Contractor,Former
7ef0fcc8-67c4-4195-9fec-661c214e8d4a,Consultant,Current
7f16ef78-933f-469a-8c0b-5a5e7e7f0e07,Developer,Current
7f7b615a-4b15-4d8c-9398-6e82de4fecc7,Architects,Current
7fa396b3-5499-4b3e-8cd3-d257f065b160,Architects,Former
7fafa47a-9ef8-4cb0-923c-667cd7cbfcc3,Consultant,Former
801e0568-0dbf-401a-9166-393ac63b12a4,Consultant,Current
80467241-57db-433e-a8c3-55b776b7d940,Local amateur group,Current
80949872-c4f3-4ecd-aad7-d49bad923388,Contractor,Current
809f6f35-7ef6-4d55-92b3-8d251f9d20dc,Developer,Current
80b29dbd-a704-4a8f-8a11-e389df05ced6,Contractor,Current
80bfc517-cfc9-47aa-8310-25008896a7fe,Contractor,Current
8173190c-994b-4498-aa21-28668c630ada,Developer,Current
81f14e5e-8a50-473c-ba5e-a972516bff60,Consultant,Current
82056346-b256-4ea8-a4f7-b79960c182be,Developer,Former
82067729-16cb-42d2-899b-0fa9d0105676,Consultant,Current
8206e3ac-3171-431f-a87b-195c4baa9a16,Developer,Current
820ee2dc-859d-42f9-9ea5-8f03afbdba28,Developer,Former
82616012-78b1-4bce-8368-b6c6cb6b9065,Solicitors,Current
82ffb686-49fe-42e1-beda-e8db59c380b1,Local Government,Current
8327a973-7fb4-43a8-bf9f-dfb8a02a70d8,Local amateur group,Current
836123ae-baa1-4d34-921d-7a6dd2dd7ae9,Consultant,Current
837000e1-7a0d-4f07-8b78-fef99723b8de,Developer,Current
8383b666-efe8-4c1f-b5a8-202df4ba9841,Consultant,Current
83a56ac0-8283-4bd7-ba39-e3989c1b5cb2,Other,Current
83af1a69-4144-4c9b-8c1f-852725431f7a,Developer,Current
83db961c-fd0b-40c7-971f-71ba1a9848d2,Consultant,Former
83ee1340-0d32-46f3-a3ee-f2f5dc45b39c,Consultant,Current
8430e15f-139f-4281-b771-2398a30e3a6e,Consultant,Former
8474059c-88e7-4435-a84e-5eabeeaabbf4,Developer,Current
8484b769-d807-433b-b15f-e4a1b69808f6,Contractor,Former
849883d4-0ced-4af7-89bf-8b040ec1c5a8,Contractor,Former
84e7b041-8a3a-4044-a68a-df7bb0770a77,Consultant,Current
852ca1b7-8da4-4bf8-952d-33f58c1dc64c,Consultant,Current
852cec1f-5aa9-4fbf-a7a0-512a105c5d0a,Museum,Current
8569d063-c78d-48dc-b7e9-6a1a2d57c278,Consultant,Current
857d2465-6fdc-465b-87ea-354ba77241b0,Contractor,Current
85c3ed42-eb61-4849-8804-cee07ba63f91,Museum,Current
8633004d-54dc-4cd9-ba15-b07aa3916cab,Developer,Current
868488a7-6add-4f30-a757-887aa4048766,Other,Current
8690d401-4ace-4999-b6e6-821fb48deb02,Developer,Current
86973713-e6c7-4e37-815c-920af1a9ec3e,Local Government,Current
86e9febd-b8f0-4eaa-b2fa-0589a965757d,Statutory Organisation,Former
872a1d5f-bb7b-4a51-ba14-78b6dfb3e090,Builder,Current
872b57f6-f1ae-4d08-b538-9cc9f8d78df6,Local Government,Former
873cd203-37e3-4d55-b103-eb44d011514d,Consultant,Current
8783f1f8-1ce7-48bd-9f70-c6e6d67c5dcd,Consultant,Current
878d5aeb-f427-45d5-b929-9ac0b41820d3,Developer,Current
87ddd825-e16f-4ff9-a352-5cdd539f0e12,Architects,Current
88183378-b347-4bd6-9468-1f28e509dffa,Consultant,Current
882a51c6-5918-4344-9a13-b6d4f667d906,Consultant,Current
887c380f-ac68-49a1-bd14-58d840cc3972,Local Government,Current
88d65973-36df-47a4-b7b8-08e511a26ab2,University,Current
88de6a2f-2d88-4642-a79d-108bdddf97c3,Consultant,Current
893d6adf-67ab-4363-9104-714984d5966a,Local Government,Current
89824f8f-273f-4541-b600-f41a6ce92fe3,Other,Current
8990b06c-f2b2-4462-9611-12fe85db6550,Architects,Current
89ec8e69-2834-4e79-8d37-8a4189f8f4ba,Consultant,Former
8a359a95-c67d-4091-a5a5-8ce925e9f49c,Consultant,Current
8a8f9f61-ba8a-4246-ba46-04f52b82514d,Developer,Current
8acf2098-8bfc-4f6d-9d95-342ed6a95e15,Developer,Current
8b17493a-7020-4ddf-a7b0-e75248cfcd6f,Developer,Current
8b6505f7-54b3-4d04-985a-b31673fc0cce,Developer,Current
8b73aa4f-5578-4725-98b8-1c203e9192c8,Contractor,Current
8b7cc947-3ff5-47d7-b76b-c179f636bcd0,Other,Current
8b85b46e-6115-4482-bdbc-6f10a8e4f516,Other,Current
8bc22e67-5c95-485b-8149-8ac871dd613e,Museum,Current
8bdf97f7-a402-4b90-a27d-6e96b9643e39,Developer,Current
8bf16f02-832d-486c-aa9b-f97f23f079ec,Developer,Current
8c2f0454-a840-4e71-a1ef-94a63c03f897,Architects,Former
8cce8780-ba4b-4709-9d2b-9d9f2a22700b,Other,Former
8ce05709-1e98-4e1e-ae71-e65390cdc899,Other,Current
8d0bcbc0-9039-4e7f-85f5-57bc9e08b4c4,Developer,Current
8d2d47cc-a697-4fc9-908b-9f0bc4264ec2,Contractor,Current
8d9c61b5-53d9-41ce-8c60-5a734defe2f2,Developer,Current
8e3a4283-5142-4cdb-99e5-1ff064d54640,Consultant,Current
8e594d00-359a-4c97-baa2-faa599af56d7,Consultant,Current
8e9e6a6a-dcf5-4596-89c1-6c9ccce3f302,Architects,Current
8eec1e34-f24a-47c2-a737-4cdc09f22ac9,Local amateur group,Current
8eef209b-06e9-46a4-af7f-2b8ca80706ae,Architects,Former
8ef56092-855f-4886-8c9c-6ade87211479,Consultant,Current
8f270b74-0589-4331-869d-36cf5370c748,Developer,Current
8f604c7e-1ed6-443e-8adc-b14ecd8bc9fc,Contractor,Current
8f6e7bc1-a0f1-44f7-bd10-1af2c9763f6f,Solicitors,Current
8f8ba952-e86d-4a91-a428-2d9aecfba2f8,Developer,Current
8fbd46c4-d049-460d-89ec-d56424200e2a,Consultant,Current
8fe2724c-c7ab-4453-8487-e41d555e6ab4,Consultant,Current
9012b923-a463-4b49-ab6d-1dfd0064be07,Consultant,Current
9031a607-42e8-4b21-a80d-3a5176ffbb76,Contractor,Current
9093e015-9263-4216-8389-496717fc2171,Contractor,Current
90a358dd-386b-42ae-8614-b391a928de1f,Developer,Current
90ac9761-2809-41a6-9f55-eaad4e033bef,Developer,Current
90b8eae7-4ed3-48e6-bd8c-150247d14903,Developer,Current
9129f3b6-95af-4077-94d6-aaf5bdccb1ce,Developer,Current
913084af-49d7-4e65-b750-8a6569e6bb39,Developer,Current
915ba618-f0a2-4d53-a1f3-a4b3b4a3eff7,Contractor,Former
91ce48c4-a232-4585-8155-a99ce23ddc31,Consultant,Current
91d4bc76-9574-4147-8c25-a2a48e91d5a6,Consultant,Current
9203288a-014b-4be6-9f13-5312197b9a42,Developer,Former
921b7a47-c523-4b2c-81f5-5175307b6d92,Architects,Current
92441a96-68f3-4a14-b622-f8073f50a5c8,Contractor,Current
926574cf-abbf-4d82-85cc-a14a6dfb0839,Architects,Current
9304400a-a275-4a6c-8914-9b722f1c4380,Developer,Former
93390fbc-06b1-4d7a-8ca4-aa5c7a2cba3a,Developer,Current
93392a48-995c-44fe-820a-c14cf188d922,Builder,Former
936c4256-e9c1-4661-9d2d-37d364e00583,Developer,Current
93b2092c-b93b-4b9b-beca-931c2c2a44b7,Architects,Current
93d45f76-da4b-49dc-8214-afeedc70955a,Local amateur group,Current
940242b8-93de-4063-8c81-193032f92d9e,Local Government,Current
9409e2ac-e053-41d7-994d-a893a5d62fba,Architects,Current
94265c19-7369-42e8-abb7-0de2b5c93761,Developer,Current
94376132-da0c-4b00-a060-433637ff51a5,Energy Provider,Current
94e0bbb3-c56b-4dec-968f-614134f7419e,Developer,Current
94ffff5c-faf7-45a4-a9b9-75a966e609cd,Architects,Current
950af376-6713-4026-8076-8e398f178191,Local Government,Current
95144a3e-839b-4566-872c-d8f31bb4b4b1,Architects,Current
95571a76-9a28-4ac3-a37c-abe4e4ace7e8,Developer,Current
95918a8b-a896-488f-bd5a-12e256390adf,Other,Current
95afb834-4daf-49a8-b0f7-8bd241c07aee,Developer,Current
95b772fb-4aee-43b3-8b47-52e9f78fec63,Contractor,Current
95b8bcc0-4c7b-40a5-b624-000788915cec,Consultant,Former
96098791-312e-42cd-8141-b3543b194859,Historic,Former
9656c918-6aed-4821-9188-fd2ee081037f,University,Current
965a578c-e571-423a-a03d-99885930467d,Consultant,Current
9668e134-ecaf-4a7f-be92-de88adb6ff5b,Developer,Current
967c7d37-a3e2-4e3a-a3eb-c94ded8bfaf4,Architects,Current
967ff36c-3ab7-4778-8ecc-c182d7d32550,Developer,Current
96a81f3d-b91d-4ff1-999e-f2335947af2d,Architects,Current
96e844cb-36c2-4799-af32-1648a7ff723a,Consultant,Current
9722b452-2850-4709-acfb-85852fa811eb,Developer,Current
976cc3b3-deba-49f6-9d56-57e809b993dc,University,Current
97a4cf2f-f5fa-411c-ae16-7c59adb7e79b,Consultant,Former
97d6a35b-cd7b-4c1e-ba75-e55478525615,Architects,Current
97f5945c-02a1-47b8-acf9-a86ac3090580,Developer,Current
97fdc54a-12d3-4774-a998-c5e463877ae8,Consultant,Current
97fe0c78-776e-4e91-9a63-6bab2cfac716,Consultant,Current
980737c4-b97b-4d33-8421-7c96ae3e63ff,Developer,Current
98090fb9-5791-413e-93e2-6d4a9577b969,Architects,Current
98db37db-d45f-48b5-9800-cddfdc87fd0c,Architects,Current
990d2e1a-85e4-4a7a-8832-891bdc132854,Local Government,Current
99485623-6868-46d7-8cee-9d19717db58b,Consultant,Current
999ca4bc-28f4-4fcd-a9ee-74c458760f99,Builder,Former
99b9517e-adcd-4eb1-a284-036f3685b4d3,Consultant,Former
99bd5d6d-ca74-48c7-8a08-cedcf53556cc,Local Government,Current
99cd395e-ce35-4106-b0bb-0ec074aa347a,Local Government,Current
99e3a9d1-8808-4962-9aa4-e1a0e9b0e61f,Contractor,Current
9a3b53ab-a71e-421e-b503-963660e7d102,Solicitors,Current
9aac632a-0efa-4c8f-be68-013bc723123c,Architects,Current
9ae54313-2e02-4a86-9def-04a990dc81af,Contractor,Current
9afbbbfb-75ed-4968-8402-dbdeaf1438fb,Other,Current
9aff1581-7bf9-49f5-b698-a40d3086fa50,Consultant,Current
9b55a035-d8d5-4d81-be00-e90e616b38d9,Architects,Former
9b5c7eca-70b2-4498-bca5-e647b16bf3fb,Statutory Organisation,Current
9be15344-2b3a-45df-b0ce-904afcaaf6db,Archive,Current
9bffa9ab-351a-423b-acb7-015b7c640e0e,Consultant,Former
9bffdae9-574c-421f-bed0-3b427b5ead53,Consultant,Current
9c125544-60cd-491b-9aec-9bd23cced6df,Local amateur group,Current
9c284004-f706-4264-976b-58b05db22907,Other,Current
9c459981-987e-42c7-a79c-f22c9cd8df0b,Consultant,Current
9c48ce01-ed8a-4975-9cef-11404a031692,Developer,Current
9c4d9927-cef3-4a2b-9e8f-0a3db9abe45e,Local Government,Current
9c67bbe0-171f-4654-8657-2b4d82ee854f,Consultant,Current
9c715e7c-c28e-4d44-b746-2eb9e23c649f,Consultant,Current
9cd1802b-4bb3-4567-b004-e5d5aacc6807,Consultant,Former
9cdcd341-c41c-46c6-8982-bd414bdcddc7,Other,Current
9cead071-fbe5-41e8-b8a3-8f1dea8b2751,Developer,Current
9cefc4de-98c0-4d74-b1ef-cafbef216312,Developer,Current
9cf8fdbb-24a7-4c4a-b7c5-4792213087ec,Solicitors,Current
9d0ab126-1b1e-4129-83f6-ce2450984bd2,Energy Provider,Current
9d0fb53c-bd54-4a1e-a8e3-ec8679ea55eb,Contractor,Former
9d4f1174-16a9-4c73-b6b3-02fb14c722aa,Developer,Current
9d948058-6e3e-4f83-b2e2-c6edcb45831c,Contractor,Current
9dd3bfad-38a2-4723-ab85-a3e768db05b5,Architects,Current
9e428895-fca3-40ca-911b-1b2e2cf4e49f,Contractor,Current
9e5daf22-586e-4a65-afb4-558c135c7c91,Contractor,Current
9e75d4e9-138d-4dc2-9f06-4885693d921b,Consultant,Current
9ebc4a62-4505-43ba-9b0c-b089cfedb346,Museum,Current
9f0ad1cb-c6c1-4b5e-a4ef-adaa764b8fe3,Solicitors,Current
9f2b0d22-a35c-4ad7-815c-2eb7b402608d,Other,Current
9f4168f4-229c-4ab1-9e19-99c618c057d1,Consultant,Current
9f572dc6-b21f-49aa-886a-633fc4a99042,Other,Current
9f6a3b36-e9d8-4948-87f0-a723ffcbc904,Architects,Current
9f7bf669-5a16-4569-9840-ee57263e197d,Agent,Current
9f815450-135f-4733-a77f-f67f79702874,Architects,Current
9f8856a6-d3b0-4fad-bd36-84be144ffef2,Consultant,Current
9fb3acdd-4135-4e76-82bf-67e7f0c718c5,Local Government,Current
9fc257c5-45c9-45b6-aebc-35393be30495,Developer,Current
9fc3af68-1557-42c6-90ce-4134862047ab,Architects,Current
a024446a-0e17-456b-827c-bb454c70986c,Architects,Current
a031c95b-2290-4bdd-aa71-851fafd228bd,Developer,Current
a060ef32-8a4d-4916-87fd-868ec1efc916,Architects,Former
a066c18a-ff3a-41c6-a41c-95a5ad433213,Consultant,Current
a06da1d2-6773-4637-b649-31eaea440040,Solicitors,Current
a139b9ac-fd0e-4475-8d6e-9fdf7ca8e150,Architects,Current
a1811980-6c70-4a6c-8be4-b836ea63c568,Consultant,Current
a1933bee-81de-4eed-9412-14a106711c4e,Local Government,Current
a1dc717b-7bb9-4f09-89e7-ee68719325e2,Developer,Current
a1e13ccb-39bd-46a6-b3f0-d19542eef9ac,Local amateur group,Current
a20d21f5-6519-4651-9707-cf3a8a3390ea,Archive,Current
a22d8c1d-4ad3-46a0-b83b-b72d53764862,Architects,Current
a2951603-0c65-4871-941f-51386509a576,Other,Current
a29749cd-294f-44da-a9c3-51109319e80a,Consultant,Current
a2b6c118-2a44-4966-8557-3880597d321d,Consultant,Current
a31026b5-1b6d-48f3-9c30-669d2a65b475,Consultant,Current
a3221ebd-9b8f-444b-b155-320a2f27ac8f,Consultant,Current
a3352f99-bcea-4ab6-bdf6-9b9eb631e074,Developer,Current
a336da3c-64cb-4579-b07b-d05e523f7899,Statutory Organisation,Current
a3eeeace-8725-4225-9a70-f1612e1a63a6,Developer,Current
a424c086-12ed-4df0-9135-0e0b3822b37f,Historic,Current
a429230d-672c-4c9b-b122-289407d749f3,Consultant,Current
a433a3a0-119f-4e6d-bd91-9091db5d7552,Architects,Current
a44fc101-12ad-4d05-b906-cd25590b7490,Consultant,Current
a45cc0b2-6ec2-40ce-92a5-3bf2386dd162,Developer,Current
a46baa55-e18d-4ab3-a9fa-d7287cc19c62,Architects,Current
a482837d-4f04-4961-ba98-ec6b2c59be34,Developer,Current
a48fa4ac-1ea9-429c-9912-17ab01fa4a37,Consultant,Current
a4cde9ae-f4a8-41db-8d79-8ac4550f2ea8,Developer,Current
a4d4fec7-a722-4ad8-b5d1-b1be5b93cd20,Local amateur group,Current
a55fef8b-ed1d-401b-933b-6910a7b5c62f,Contractor,Current
a56c1cea-5989-4275-a019-46784ff8ad41,Architects,Current
a58549a8-e6be-4208-9232-fda2e4ef9615,Consultant,Current
a58cd132-4582-41b1-85a1-de6c96dd75fe,Contractor,Current
a5f115c4-0ab6-4655-8164-363b55b1c772,Architects,Current
a5faa136-95bc-4cf7-b691-badbbbad5a9d,Contractor,Current
a64aed59-0aa1-42c3-8811-0195ba36d57a,Developer,Current
a6db3640-da18-4dcb-8a96-544b598a4f94,Consultant,Former
a6e1a6c9-82c7-4c14-826f-0094b1aaf6fc,Architects,Current
a6f89e66-6a5d-470c-90b7-b2c3233fa8f6,Builder,Current
a73b6fbd-f4f3-4626-8302-819d12f12125,Contractor,Current
a76f3e52-e8b4-4c2a-9b0d-5018f0ac355d,Energy Provider,Former
a7934c9d-b694-42e4-a2f5-66ac1307cfc6,Historic,Current
a7d9ad48-a986-483f-8785-6654b84b315a,Consultant,Current
a7dc084b-df1e-4c99-94d6-b0453936e460,Architects,Current
a845dadc-3d5e-4c48-9666-8db27f7b4480,University,Current
a85a1eb1-7f5f-4a35-a8e8-d821e1cf92eb,Contractor,Current
a87ebabc-0378-4692-a408-c37970f258a1,Developer,Current
a8801334-20ff-42a7-a432-1037a5354f7f,Architects,Current
a88ceae8-4106-4905-a5f9-dfb56425ac51,Other,Current
a8b03919-5445-4f88-b0c4-32f7431374a1,Consultant,Current
a8c255b3-88e9-4750-8194-213f1e392055,Contractor,Current
a8c8cf80-28a2-45bd-9e9d-42721c55a77a,Architects,Current
a90a58d3-448a-4b31-9e5e-cf721e1f7a93,Local amateur group,Current
a91c30bd-2353-4e46-b8b4-963031d0c876,Consultant,Current
a94e0916-7eff-443a-9dea-4ce01cee938a,Developer,Current
a9565c0f-d3d6-4032-b2a6-65e0a9043b51,Developer,Current
a980699f-b292-4c63-9af2-192eb5ca067f,Architects,Current
aa477b09-4d10-48f7-be35-0eea317bff84,Developer,Current
aa6ede79-6378-4c0f-9ff1-a379d980e696,Contractor,Current
aab58d3a-1018-41af-baff-878af18e0545,Consultant,Current
ab078d17-388a-46cc-821e-9ee14ee2840b,Solicitors,Current
ab114893-d7a4-4475-bd08-ca5cd6904747,Contractor,Current
ab219dbf-defa-4596-ae9e-3f458599b3d3,Consultant,Current
ab270f30-062c-4c3b-936f-5c01cf48d77c,Consultant,Current
abd8c392-d978-4875-8ae9-bc507b3ce9e2,Contractor,Current
abe31034-0ade-4bf1-90d1-1eda54aa7edc,Other,Current
ac153f0b-06a4-49c3-b043-3276e257db75,Contractor,Former
ac306678-3a69-4a03-9b86-1d928dd2bcd4,Developer,Current
ac3f6923-c830-4fa3-bd4b-cd02b5e23596,Developer,Current
ac84439b-7d4f-46bb-a0ef-27ef228aefab,Developer,Current
ac945376-ab82-47fd-a18f-863a14bcc216,Developer,Current
ad3c9162-affd-438e-bfe5-ece12a656c91,Developer,Current
ad690d91-f7a2-4df0-af10-23e95c3b736c,Consultant,Current
adecb8a0-f15a-4132-9455-b07bb415b9c0,Local Government,Current
adecd444-9a8b-49c6-a784-80948745823e,Statutory Organisation,Current
ae07233a-d917-49d2-855e-479f8dddce0c,Consultant,Current
ae390d63-7040-495b-ac63-d581300890ad,Architects,Current
ae3bf6bd-d29f-4ed3-a7a8-3cb3aa5841fc,Contractor,Current
ae9b6998-3f9a-4c60-bde2-1bad18cba69d,Developer,Current
aeb5ba05-a3ff-4bc1-9a67-872433708752,Crown,Current
aee38697-fe7f-4df5-9a71-f41e47ce4a10,Contractor,Current
af190d57-0955-49a8-b032-03c86f92e6d0,Museum,Current
af1f4d6d-c326-46e2-88a2-101e8b5080c4,Museum,Former
af282148-3d7f-4f04-ad92-abf5a48cada8,Consultant,Current
af79ec71-cc98-4a99-a667-84746b51967c,Consultant,Current
afb1cd84-8755-4fbe-92f7-1c89fbba4b48,Consultant,Current
afb23b2b-7cc2-496e-a420-049207b514a0,University,Current
afdd3e4e-187c-4c07-bc52-53949085cc29,Crown,Current
b0150c7f-2dc1-4a94-90f8-b3d4edfdd85d,Developer,Current
b076bf51-80f0-4452-bea6-124909765024,Agent,Current
b07c612a-43c8-4ff1-91cc-13af9663d056,Developer,Current
b0896443-fd22-4d77-a0fe-c65787ed557c,Other,Current
b0a1cf9b-8e54-4e9f-b35f-3d4e6293ebc2,Consultant,Current
b0a7d7a2-c960-423e-939e-0ada9bc5bfd0,Consultant,Current
b0d7b390-d311-4f38-89ad-6bd396c46e1f,Developer,Current
b0e9d42a-b36c-43c2-9c24-80428c9f92b2,Developer,Current
b0ebd5aa-861c-483f-af3d-e39ce01a8cb4,Architects,Current
b0faa20b-2a86-4a88-9dc6-726eb48536ea,Developer,Current
b1431f3d-1ded-46c5-b829-dd77f6b447e0,Consultant,Current
b17adf9b-7b6a-4a72-baa4-c294307b0e9d,Developer,Current
b17c5d24-1234-4b3c-b6de-26a15dec2a73,Consultant,Current
b19c48f1-8fd2-48e4-8fa0-618a17bad398,Developer,Current
b1b8960b-a00a-4350-a3e8-ddcc2ebc5714,Statutory Organisation,Current
b1cbe288-a031-4469-ba91-dca1770b1280,Developer,Current
b1d39c28-3333-4d5d-b6a6-1467caf21f09,Developer,Current
b258f562-583a-4907-94bb-604175d2b9fa,Developer,Current
b2693bd0-e4f1-4890-bbd8-aeb38a24a1e1,Other,Current
b2861a6f-19f3-4496-89c8-74f0fd599e31,Developer,Current
b29d5bf6-9eff-4be5-a401-849b01872afa,Architects,Current
b307f7bf-bdcd-4c81-8dea-ee3dd4207915,Contractor,Current
b31b5ac2-3825-4dd5-b41d-c2aeed7a5cfe,Local amateur group,Current
b33638a8-29d9-4e89-8bf7-59b5f06d21c1,Architects,Current
b359a520-2d85-4b71-ab53-519238f710ea,Consultant,Current
b3606d23-ab1a-4f3c-bb05-05d71196770c,Architects,Current
b36838d7-2d26-41b1-8b95-2e9603ff056a,Developer,Current
b36a9fa3-8689-4850-aa94-d2b0247b1448,Local amateur group,Current
b36b08fa-f936-412d-8f32-0638cc66a672,Historic,Former
b3865f85-7857-44c4-b0ea-05e84645cf7c,Developer,Current
b393fcdf-7324-47ea-989e-40136a48383f,Developer,Current
b3bd920b-5923-4699-aa1b-12964ed31048,Architects,Former
b3e60438-0215-447b-b7e2-4432843411e6,Developer,Current
b3ee1119-5c04-4c62-8da1-5859a8681124,Statutory Organisation,Current
b3fc4732-d22f-4f0b-9f82-160110606552,Architects,Current
b4000af0-0de0-496b-84f0-a19756ebb01d,Developer,Current
b48f0d53-0f5a-495a-9567-312b8d0643ea,Consultant,Current
b492e7f6-75e1-4064-b4d4-4f7e0ff4ebe4,Local Government,Current
b4e938ea-072e-421f-a108-f9dbdc1c0750,Architects,Current
b5487196-5ad2-4ec7-8afe-728e94eead2d,Consultant,Current
b5511fd9-ad6c-4390-97a7-db9af9a6a34c,Consultant,Current
b565ea38-5492-4001-90ef-60809daccb50,University,Current
b56974a4-073c-422c-9446-72b05d345e5e,Contractor,Current
b5b863fc-9f46-4e81-b180-f503d2d45a0d,Consultant,Current
b5be4988-61fb-46aa-9d8d-d440b3e77e66,Architects,Current
b5f440de-996e-4710-9b10-c8c73db51f08,Consultant,Current
b66c508f-33f3-4679-8361-361ed2ce96c3,Developer,Current
b6b8f717-ed4a-48bd-bd47-d47946d98791,Architects,Current
b706814e-5a23-4f28-aa74-84817dbdb8bc,Contractor,Current
b70d604a-13ff-4cc7-a2f2-9821879ee45f,Developer,Current
b72cb449-af1a-427b-a5d0-781b4c034337,Historic,Former
b7868875-95e2-469e-8a55-c3815632d3e5,Consultant,Current
b78be029-b4a0-4200-914b-b20d2c2f6fa7,Solicitors,Current
b7f3dd9a-5b5c-465e-b20d-fa420b6aca96,Developer,Current
b7fec7fd-9cc5-419b-a559-07e953fbdf7f,Consultant,Current
b805854e-f7e6-417b-92c1-980703deea5a,Contractor,Current
b8258903-094a-4b39-873e-a33209d31f95,Consultant,Current
b8265501-aa9c-42fc-bedf-0944320b1f0b,Developer,Current
b83a48df-76c3-4d89-b573-4ed4398c4f7f,Contractor,Current
b8c4c8a6-efc5-439b-bdc3-2480ad5e803b,Architects,Former
b8ef4e70-1ce5-4bfa-abe8-d56ad365f8cc,Developer,Current
b9ce2982-1e94-4fba-a300-2560516ee586,Developer,Current
b9f25ab1-aa96-4dd0-bcd7-f08f7f9c1b9f,Consultant,Current
ba455409-f424-43cb-908b-2dd5e559b437,Developer,Current
ba4717c7-8d87-470a-9825-b2c6766cd092,Architects,Current
baa92104-bb81-407f-a10e-6a529dd360ea,Consultant,Current
baab84cf-6fd7-473c-ba64-99fec9be0910,Consultant,Current
bae0e002-15dc-41a9-b10c-c83addd86eec,Developer,Current
baf2d4d1-60bc-4e40-a894-be5f0ae3c2ec,Other,Current
bb5f1d73-c761-4b3f-bdf6-82cc15d169f5,Developer,Current
bb640495-079c-4f93-9000-45aaa119ee20,Contractor,Current
bb8328f0-b110-4b5b-9e8e-9dd7b88bc8be,Museum,Current
bbc86d9d-9a25-4e9f-8654-d2c0eae10031,Local amateur group,Current
bbd9704e-226b-44a0-95db-d411efd93b5e,Consultant,Current
bbd9ca59-f729-4ab4-ab61-3e0020b632fb,Local Government,Former
bbe32005-8ead-4f45-b641-d175e393c7c8,Other,Current
bc09ca93-a051-44fa-9c1d-4d31964b9f6e,Local amateur group,Current
bc169566-48f8-445d-a37a-6ece29e43b4b,Museum,Current
bc2f568d-b66d-44a3-800c-fa2f7bebfcbe,Consultant,Current
bc3e4d51-e941-4b9c-a0b8-936c29af11d4,Consultant,Current
bc4bedb8-095b-4eed-a37d-3d54014a99ff,Local amateur group,Current
bc4e290c-e89d-4bbe-a66f-3e0767a4f777,Other,Current
bc79969e-80ba-4996-a7ff-7f151528b397,Contractor,Current
bc8288ab-f855-4b93-9a6a-b2b01d6e4b2b,Other,Current
bca3b580-82a4-42a4-a293-5023cffbcf7b,Architects,Current
bca97b5f-c54c-43b3-b3c9-ab080cc20649,Contractor,Current
bd102656-0a8c-460b-8b3c-6ad199deb4da,Consultant,Current
bd4c5967-3ac3-4538-ac1c-cbcabf64c4be,Consultant,Current
bd63366a-5e5a-4765-8f1b-b2e1b9b58219,Developer,Current
bd699ce3-0f51-45e6-b614-25b56ec8c47f,Museum,Current
bd73fd61-e197-485b-b8b0-1678b6ea990f,Developer,Current
bd88f146-7f9c-430f-96f6-c5e7d32885c8,Local Government,Current
bda064ff-83e3-40fa-828b-d05f67e0b447,Consultant,Current
bdaaf97f-f3d0-4bb1-86c6-7e6ab0477a9c,Consultant,Current
bdc3eb29-7184-4c1c-bcca-cb4d3495db8e,Developer,Current
bde2b578-f3a5-46b0-b1e1-a7c95b379895,Other,Current
bde9814f-085c-4915-af34-823a37bd7125,Solicitors,Current
bdfd88c2-8b10-4048-907e-fafcbf22c2db,Solicitors,Current
be084f13-18c0-40da-a539-5b266c0305d9,Contractor,Current
be1988a4-0f9e-489d-96df-7638910b61fa,Developer,Current
be2bfc0e-daf6-48bd-8b8b-baace21e5e9b,Energy Provider,Current
be59e405-c9f1-4614-8217-638168d93ded,Developer,Current
be7291ed-a6ad-4002-82e3-52508cfe0a8e,Developer,Current
bec4fa10-0b79-42a0-9c47-8cf088b477a7,Local amateur group,Current
beedb25a-9cbe-4f8b-a7fd-0fb05841b447,Consultant,Current
bf02092c-4048-4b3b-97e6-861593623a25,Local Government,Current
bf4183cf-143a-45db-8011-6623cd0eeaf2,Architects,Current
bf493881-bd79-4c0a-a18e-b439ef066014,Developer,Current
bf542ca4-f5c3-4bc5-a3e4-6d5dc60e3ad4,Developer,Current
bf6d4dc5-e769-4441-95fe-ba7d8cdd49f5,Archive,Former
bf7837bc-ae20-4fa8-90a5-20be8d909461,Contractor,Current
bf7a2efe-d3a6-40ea-a721-7f86ecbb7da1,Consultant,Current
bf96ede9-b8a5-43b0-8879-ea24b2cc8fb4,Museum,Current
bf9b0b47-b8d8-475e-a91f-04cff100f684,Solicitors,Current
bfa98fe3-fb51-4c2e-87d5-a40820da9a87,Developer,Current
c0585baa-b0b7-4f78-8f92-2cea3e1ba5fb,Consultant,Current
c09604b3-3fb4-4188-8ef8-ec5717f296cd,Contractor,Current
c0a81b76-a88e-4c6c-9557-df08adf428d7,Consultant,Current
c0b9b3f6-87aa-4104-9985-39295c4f1bce,Solicitors,Current
c0e256ea-320b-47e1-b013-2ee481f901e9,Developer,Current
c136785f-9c88-4c03-a878-319f2c4e0dc7,Consultant,Current
c1450c5c-e7a6-48bd-9871-559dc5ab49e5,Developer,Current
c152d22f-e0cc-4112-b0de-7bae89e8fd0a,Contractor,Current
c1a83afb-3890-4e0e-a29a-a8c2efd0f8ed,Local Government,Current
c214aaac-7df8-4b87-9fdb-6eb2e11db3e6,Contractor,Current
c28f981b-dab1-4c4e-b915-880ff42d066f,Agent,Current
c2baa6ef-6b6e-4034-9ee7-dcb3df6f8cd9,Consultant,Current
c2c9cfdf-7e93-487d-97aa-1424f793285b,Consultant,Current
c2f266d0-b248-4e23-bf2c-d4d9390d8b0a,Developer,Current
c31192b9-b83c-4237-a3af-726b97431691,Architects,Current
c336a6a3-ad67-404a-8641-b0f56fb430d5,Contractor,Current
c34b7094-db3a-40c5-9af5-76d9b0fb9dc7,Consultant,Current
c35486e0-ef01-4a38-8c96-ae5cffd3b480,Architects,Current
c35ced6b-e156-462f-ab17-f38851520fc5,Developer,Current
c3667825-30a7-426a-9f44-f0df2bf9fe04,Consultant,Current
c385b8c0-f707-4a08-867c-7a2776976d77,Developer,Current
c38d0605-00f7-47a7-a502-ee53b74d2ff0,Developer,Current
c3b438df-5cb2-45ca-98b9-ea567f148214,Local amateur group,Current
c3c59b35-3ee8-41c4-baa5-bf305fceba46,Other,Current
c40b4767-b9c2-4f42-a7cf-cf1cad8ea840,Other,Current
c41c577f-810f-4178-919c-a31ee798ec13,Developer,Current
c48814f0-6245-4a16-88f8-6590dc131a92,Developer,Current
c4bda0f2-0794-4a39-a2ee-458ca5c2fbe7,Developer,Current
c4d2c034-1aec-4042-833b-8b3e7859a38f,Consultant,Current
c50d0de6-5128-492f-a3a8-7d7487633aa3,Developer,Current
c54bb652-d9ff-423f-9770-d30773c086ac,Architects,Current
c587f0fa-c04e-49b9-acee-232e37271603,Local amateur group,Former
c5883203-d0c7-4609-a250-ed5a408122e4,Developer,Current
c5d5c0ab-7405-4fd9-ada9-486abaed3821,Contractor,Current
c5efd66f-f1d2-46d7-9184-abdcfa35596b,Contractor,Current
c5fffab7-a5cb-4314-abdb-ef3fb6a064e9,Local amateur group,Current
c6a31ccd-f94f-4805-b9df-e9baebf168d7,Developer,Current
c6a3e434-7035-42e8-a33b-40dab7c8b4b2,Contractor,Current
c6a6e7a4-5a60-445a-a054-64ed5849b510,Museum,Current
c6c3ac7d-2612-414b-8baf-acb3414311a1,Developer,Current
c6dcc5bc-3e85-4287-8e79-9f86faeb55d7,Architects,Current
c6ebf321-7d99-4b35-8f7e-aeb020b558b1,Architects,Current
c6ffc689-aa32-4cdf-844b-d03c1ed7eae5,Contractor,Current
c7233020-ea63-4e33-b1de-dd8cb84bad8f,Consultant,Current
c76adb44-2aa3-457e-a8a8-36daaa0f4636,University,Current
c7752d11-c0f4-4352-8862-82951c3e76a7,Museum,Current
c7871b53-b718-4a29-8075-c18ea99d1110,Local Government,Current
c7b901fb-796f-477f-bd36-24e69a6b31bb,Contractor,Current
c8620e87-0eec-48a2-aa2e-ffafe1f9a2d2,Contractor,Current
c899f331-e67e-4acd-8e50-b603cc3b0818,Consultant,Current
c8a4d30f-f680-482d-b276-eebdda81d646,Developer,Current
c8c4278c-0e24-42ad-855a-74c2956bb2d1,Builder,Current
c8dfa2cd-3fb3-4340-a088-c52a30a68803,Local Government,Current
c955f60b-1c18-4923-bd4a-923f5567f8fe,Developer,Current
c99a3baa-027c-49db-bd86-6e4fdcb1d31c,Developer,Current
c9c5e003-d6b7-43ee-a7c2-e89f86307b57,Other,Current
ca0c8c7a-a382-4040-a381-66bb48ed9443,Developer,Current
ca14df13-4d71-4c9c-9087-611e1b219e5e,Contractor,Current
ca1c805b-8a63-4635-aeaa-50d3a493fce1,Developer,Current
ca935870-a1f8-40b1-ab98-6aec0f44a470,Local Government,Current
caa2fa44-99de-4e81-8918-4306b18c7917,Other,Current
cad99941-e995-4d02-b189-2c1da12cb252,Other,Current
cb10ba37-8111-420e-91f1-921845daafb0,Other,Current
cb242683-0aa5-40cd-962d-a5ae6d48b870,Agent,Current
cb96ebdc-1021-47e5-b049-07d4cb0bd3dc,Contractor,Current
cb9aca41-a6af-4800-850d-39319b8e18df,Developer,Current
cbb493ca-fccf-42ce-9eee-c579a4cfb170,Architects,Current
cc52728d-b312-41f2-b6ee-6179138db175,Archive,Current
cc7b68c9-81e1-4411-b8fb-2fb2c150f1a1,Consultant,Current
cca11e11-b40f-43cc-bd18-8d591e76b445,Architects,Current
ccb04e2a-4a8b-43c0-b001-c43d0e833c97,Contractor,Former
ccb5835c-92bb-4c37-a2ae-e7ffdde6234e,Historic,Former
ccc22e54-850a-4aa8-8815-6a5e563e8d35,Architects,Current
cce316f7-602f-405b-bec2-64cf82303f7e,Builder,Current
ccf83765-93fa-4734-a98d-0aed7c9eea5f,Solicitors,Current
cd247905-59bd-4eaf-ae91-833fbad6bbe5,Local amateur group,Current
cd4295e9-c66b-4376-b388-221e0bbf9a65,Developer,Current
cd923c09-ea9b-4176-bd56-84b8fca5ad51,Consultant,Current
cd95ccba-bda1-4754-92fd-6fa6ea36ee3d,Architects,Current
cdad947f-ddc8-4080-9573-0a70532daa87,Architects,Current
cdf8cba2-b9e6-47d3-8080-9249fc6e934a,Developer,Current
ce067a2a-c455-4dda-b98a-71d7279b62d2,Solicitors,Current
ce1c4142-2676-4877-b1b2-5f9dac7ed2dd,Contractor,Current
ce25ba53-a934-4e41-ba64-0a3197c9703c,Developer,Current
ce3e7b27-c731-4153-9c52-161a71e47deb,Contractor,Former
ce81cfcd-368c-4d12-ad5d-2bee98f0e9e7,Consultant,Current
cea56ba0-a39d-40a9-92a1-5345019ef894,Local amateur group,Current
ced0af3a-84fa-4ec0-bc86-3bc916f4085b,Local Government,Current
cee0219f-2f97-422d-b16c-b8eaa9d848b0,Developer,Current
cef5e013-5204-4749-bfad-83d2fffe37b5,Developer,Current
cefc16a6-8c77-4ce4-a398-6a5e04153763,Architects,Current
cf09d309-7ff0-48d8-832f-c0ae79b0f648,Contractor,Current
cf33980c-8ad0-4d0b-a897-5ea0a904882d,Developer,Current
cf3f9693-b1c3-4d53-bd63-9da66ca59970,Developer,Current
cf41722a-8ddc-4155-855d-3fd6885f5704,Developer,Current
cf5307fe-f2d5-4dd6-9f11-8e1f3ad45aa0,Archive,Current
cf641312-76ef-44bc-bc4d-0b992acb607e,Developer,Current
cfba1810-d7af-4abb-bae2-d9aa2fb09494,Developer,Current
d048f96b-a022-4907-a914-e1a73365de50,Consultant,Current
d053cff1-3f9c-449d-b0d2-c3030d910e42,Local Government,Current
d0564495-33ec-48c0-b2f6-748034d22803,Contractor,Current
d07277d6-d299-4298-ae9d-9e24e9a8c0d0,Developer,Current
d0753265-211c-434e-8944-4a275d733c65,Consultant,Current
d084ffda-b691-4e46-a52b-fda6a57b7b75,Consultant,Current
d0952b46-2a80-482f-9b38-cf3b8fbbd031,Architects,Current
d0a8c17a-6837-4159-be19-c175c48827cd,Local amateur group,Current
d0b35809-c3ff-40db-866a-f4a914c5804e,Developer,Current
d144f305-1ea8-49a4-b531-68078749b575,Historic,Current
d1711c48-f14a-42a7-af61-f9b8a5be98e1,Architects,Current
d1883ac7-0642-4089-9be0-710ec2d34e34,Contractor,Current
d19a572e-0a6f-4876-a61f-690f08628c97,Developer,Current
d1aa36d3-9d2b-4ba8-94dd-c678e67e40d1,Developer,Current
d1c462d9-dcda-48eb-a073-8f036db81981,Architects,Current
d1eea6d2-a7ab-4e0c-a733-22133f603803,Solicitors,Current
d21feaf7-670c-434e-99f5-e44e7e909030,Developer,Current
d22af074-6bbe-4d28-a042-10d21ed35730,Other,Current
d2389fb8-100e-41fd-a274-9de5268b2887,Architects,Current
d26f9fb3-d602-4257-a55c-cd832f4b94e4,Consultant,Current
d2a72fd2-4ece-4244-80ca-996d7ac9c6b3,Local amateur group,Current
d2ec967f-3f27-40e1-ba94-a78cd0ed5549,Contractor,Current
d33a8ba2-37c0-4b50-adef-449958f2d944,Consultant,Current
d3870849-586d-4c09-8148-544cc6205bdd,Consultant,Former
d3b15e5a-61f1-4396-bfce-1f4d1b5613be,Architects,Current
d3eb430c-056b-4e2a-b176-bd207c334cb2,Developer,Current
d401540f-be39-4eca-bf9f-409e7d5f0ac5,Consultant,Current
d4073b69-9791-4526-be37-cf155a61f64b,Contractor,Current
d43e2f22-3d22-4714-9e3a-8cd06cf2b67d,Developer,Current
d44b4665-5f6b-401d-81a5-b5ff29d26231,Local Government,Current
d45cadc9-589e-42c4-9df7-8be37fdf7d74,Solicitors,Current
d47d319c-5cf1-4191-8eb1-a5c6247f7732,Museum,Former
d48a4dc8-3f4c-400f-861f-c1ad77e9aaa8,Developer,Current
d4bee229-a6e6-4b66-bfaf-afda877653cf,Other,Current
d50835d1-5ca1-4a24-aae4-6a4da60a551b,Consultant,Current
d511227c-60b1-4a77-853f-8148b15dcf9d,Other,Current
d524bc88-1c4c-4245-8812-8318bdcf7563,Consultant,Current
d5314307-e8d2-449f-b70b-6a30ee0e858e,Other,Current
d55e2aed-9696-42cc-a0e4-c3851bbbad26,University,Current
d590ed11-0f9f-4b0c-a494-63bd91ca1353,Architects,Current
d5a4dd10-c964-4ab9-bd5f-5f2de1276b6a,Consultant,Current
d5d3f3a4-695a-4ca9-8731-3ad7e6732716,Consultant,Current
d5e56fa7-e355-4901-98d9-d276c4676471,Local Government,Current
d5ee4f49-90a3-473e-8aaf-aad0f23c430b,Developer,Current
d5f28afe-125b-4fc9-b024-36aa025e24c3,Statutory Organisation,Current
d615ca8e-3a27-4800-8dec-2d710f34c5b2,Statutory Organisation,Current
d680669a-f4b5-4740-8849-c610e9cb3a9b,Architects,Current
d6990382-bd93-4594-a14c-cfb7c132eb36,Consultant,Current
d6b8eaad-7ac6-4720-b854-866a643117ef,Developer,Current
d6e49f68-fece-4334-a625-21bfe485732e,Developer,Current
d6f58b4c-6eb7-4abe-867f-30192cc01f82,Developer,Current
d724d60a-b2eb-4e32-8ce9-739c2eddd656,Consultant,Current
d749a74a-b64d-40f8-8b0f-00d4535e7a21,University,Current
d74f83d9-1fff-41b2-904d-c8fb4cd7e309,Consultant,Current
d76851d4-e39d-49f0-a27e-394d97aeb1b6,Local amateur group,Current
d772c9d2-04d2-4006-aea4-201803beb019,Architects,Current
d7db74fd-205d-4021-abe3-3bc3541bc09b,University,Current
d80621a8-8d81-464f-a200-cf3a7f2d1fe3,Museum,Current
d8157c88-91aa-4f53-a245-deee3524f1bb,Consultant,Former
d828e4c7-9ce3-4717-95bc-77f271ad05ad,Developer,Current
d8704738-1731-414e-a734-fc54a86308b4,Museum,Current
d8801ad9-f284-44cc-916a-f4c6735cdd6f,Local Government,Current
d8803632-bb7a-42ba-b4f6-5b294740e90f,Consultant,Current
d8897665-9cac-4cd9-9738-c8374cc2e175,Developer,Current
d8bc79e7-df52-49d7-9dd2-b72379d4ac8c,Developer,Current
d8e480a0-aa53-4b91-aa0c-069add27e2cf,Architects,Current
d8f23bcd-36a8-47ab-87b5-0be76b27ff98,Archive,Current
d9057837-b263-45a4-b9b8-12383cc0ab10,Developer,Current
d92680d3-0c0e-445c-ae0e-c69b436598cb,Local Government,Current
d9332e6b-60bd-4b59-ae16-0fa6c4786d59,Solicitors,Current
d93a23c8-2075-435f-8f57-530d112750d0,Developer,Current
d954c187-a8a7-47fc-bc08-8100eca26b40,Solicitors,Current
d9901c94-7a1c-412e-9043-2a820b331153,Other,Current
d9d0ae93-5184-4f7e-95fb-ccc8d92d533a,Local amateur group,Current
d9f2072a-3ccc-455e-808b-8766f3165f2f,Developer,Current
d9f6f35e-72bb-4b07-98f6-608902df968f,Developer,Current
da18e395-a083-4bf8-a62e-5924ee0e1b25,Developer,Current
da3271ba-2e31-49ec-b50d-0609e567c7f8,Architects,Current
da67344c-5f31-4446-8fba-06bd06d63f09,Developer,Current
da88ad4e-cc55-4fbb-98ab-cd67e71fe0cd,Developer,Current
dab3c3d5-fe45-4613-9ede-e73426c74ad5,Other,Former
dabe7239-88f2-45fd-bee3-ff0c20143cb6,Developer,Current
dac15fe4-0d42-4cea-9b18-a26f01d87045,Contractor,Current
db335bdc-1651-491d-a90d-13ad913b2e83,Local Government,Former
db6cc09b-0337-4ea6-bf9a-bd0f6faf7093,Architects,Current
dbb5543b-f1b1-4eab-a576-a3de9e3108c0,Developer,Current
dbc4ad12-4737-488b-add7-5b7280602356,Consultant,Former
dc346ab3-bfcf-4c45-975d-7968994575cf,Architects,Current
dc553f25-969c-4684-9cc4-9421d5b94dba,Developer,Current
dc7ffd26-4bcd-46fc-9486-dffef2c360aa,Other,Current
dc9d6b42-1bf2-45d3-88f0-5b0f1e12ba80,Developer,Current
dce12f85-2be4-4f31-9b8e-447deaa1f8dd,Architects,Current
dcff75a4-ef63-4eca-8d64-fa8b710152ef,Contractor,Current
dd2329f4-545c-4a5f-82c2-a45e203e04bd,Consultant,Current
dd2523ba-9540-4c54-a512-a6bf160160ea,Developer,Current
dd40c181-bb63-42b1-94b6-6bc10789c5a8,Developer,Current
de09fdb7-d14f-405a-a8b9-ec42d270c228,Contractor,Current
de1ffe2a-2439-4766-9487-7ad58ed2fca5,Architects,Current
de20c4b6-f9a7-4ff0-8ebe-0b6976217c10,Contractor,Current
deb56edd-5a4b-41e2-bfb4-63c2908c8fc3,Local amateur group,Current
df0800fb-9342-4fbc-b5e0-f93686a2f939,Contractor,Current
df1c5bc1-853f-4a8d-a243-9d4ceeb9c0ac,Consultant,Current
df52263a-2576-469c-92d6-2e621a20c010,Consultant,Current
df84a9c0-069c-40b5-907b-454ec17f9856,Statutory Organisation,Former
dfb7627a-86da-416e-8ed1-196ec3bb58e9,Developer,Current
dfdcc2f1-73cc-4705-bdc2-9e6ee64fe4ba,Developer,Current
e005fb81-90e6-4434-aa59-509732fbdd1f,Developer,Current
e01267d1-815b-42a2-b844-c2b2461f8998,Consultant,Current
e04332e7-524f-48e4-b446-351d96e3e659,Consultant,Current
e080d499-a06a-48fe-a834-436b88614ee7,Developer,Current
e0a2d85b-f579-4e90-9355-f51ad566c7db,Consultant,Current
e0ce9dc6-1821-4e69-aee6-835fdfc6fab8,Developer,Current
e0dfe067-ee4f-4f09-976e-bc4efe740e78,Contractor,Current
e16027cd-c777-4b78-9157-7686c991e2d3,Architects,Current
e1831fe7-446c-4005-bad9-90df32548e5c,Consultant,Current
e1c76a8c-f8be-4e90-9416-af64af104c03,Statutory Organisation,Current
e1e9da06-a344-49e9-87b9-71e8f882984e,Other,Current
e1f7b57a-4e46-4393-9a21-82baa1981b10,Contractor,Current
e20278af-42a0-4dae-815c-b7e0bc4c7fe6,Builder,Current
e21c65ff-c823-4023-8eae-48eceb238be5,Architects,Current
e23e5d25-dd28-4ca8-941f-f5eb49a7d76b,Consultant,Current
e29206a2-e8c7-485c-b2f7-5996fae1cc3a,Contractor,Current
e2b9d1fe-dab5-4387-aae7-a041a6e3db18,Consultant,Current
e2ead850-5c5c-4a3f-9cc9-3f3c160bf6fe,Developer,Current
e2f4057c-3a7a-4631-88be-87602a1d0850,Developer,Current
e30a45f4-20d1-4ca6-83ac-1c5467428070,Consultant,Current
e34874ec-0f42-48f0-b34a-ee409b0f7b6f,Other,Current
e3538ca0-3507-4c56-8360-9138f09cf185,Developer,Current
e363e87f-d724-4fbd-849f-449e4b44fda8,Other,Current
e3f722c6-0041-4573-975f-f3afde087c41,Architects,Current
e40bbca5-f3b8-4ef1-8d67-c8ef5b3093a9,Statutory Organisation,Current
e41a9fe5-7f2b-4856-a099-20b086f6c637,Developer,Current
e45bd457-5353-43dd-8a3b-1f497a229301,Contractor,Current
e49d1d6b-3bb7-488d-972c-2df5ceec209a,Architects,Current
e4d961e3-bb16-4af9-a16f-d510729f8cc2,Local Government,Former
e4da5be8-c79d-4f2a-8201-af2b6280d4b7,Other,Current
e4e9b1a7-1d07-4bcb-aa70-6a0ba4ce7fd1,Consultant,Current
e50000b9-8f02-4350-9b69-daed8499b5ef,Consultant,Current
e5285229-e57d-4fec-b0dd-02d67f835cbd,Consultant,Current
e52dc885-9359-4f87-8e6d-59c9b886fb6c,Architects,Current
e532757e-1f7d-4e20-b675-2fd4278346a4,Consultant,Current
e5353c27-09ec-4055-bc2b-59a3c3a066b9,Consultant,Current
e5369430-3bb8-49ae-ab6a-13137ef489be,Architects,Current
e539dce3-e95f-4c00-85b5-073c62eaefe6,Consultant,Current
e598f3be-0ed8-40e5-bd9c-324a1c3ea67a,Contractor,Current
e5c60a63-e6b6-404d-a94a-1e593c1537f0,Other,Former
e5ce8449-3fe0-4c5c-bc4a-395ce1537308,Developer,Current
e5de39af-24fe-49c0-af11-f43ebbe5ddf9,Consultant,Current
e62dd9fd-3549-4d00-8f38-7bd12ebd50b6,Consultant,Current
e6826e1a-f623-4126-8c17-db4491eb4cda,University,Former
e6aa085b-fe43-4f18-aeb2-57cfecd6225d,Consultant,Current
e73353b2-537f-4c1b-bb86-77ef9ccae902,Consultant,Current
e77284ee-ade1-4f70-a35b-e01985e7b650,Other,Current
e7931e83-9d1b-464e-9d68-99625101cfb6,Consultant,Current
e7b2e143-a47a-4885-a87f-7feec1c75564,Consultant,Current
e7f2ba73-4aaa-40be-9d85-10a5411d0e91,Contractor,Current
e80c7ec2-a34d-4923-ac2c-d49ead2d83f8,Other,Current
e82e4541-2560-4272-a24e-1e169f82fb07,Architects,Current
e8589827-fea5-4af0-acad-16f0c5350dde,Developer,Current
e8672977-2b8d-454a-b631-187bbcdc1a93,Consultant,Current
e87cede0-e3ff-453c-89b8-c5fd46dfae14,Developer,Current
e885a29a-6262-4c19-8a26-c2c2f5fa71e6,Consultant,Current
e8dee182-f4f1-4b86-8a0e-f204616ce3d1,Archive,Current
e8e54bdd-f7bb-4430-97b2-e9f18ad77c54,Architects,Current
e8eb00c7-3fa5-4330-aa6e-2ff84cd6fb0f,Other,Current
e8eb01a5-98d0-4da1-a835-e0aa92566ddb,Architects,Current
e8f02836-70ce-4a26-b7d7-311778fc12f3,Contractor,Current
e920d1de-8e10-4fcc-85bc-70f1719c75cd,Developer,Current
e968980a-0a3f-47ec-a75b-0022c722793c,Developer,Current
e96cecf4-f179-49a2-9a59-25d1ac7525fa,Developer,Current
e987f37a-243b-4081-a108-c3b6894dd95b,Consultant,Current
e996373a-ff8a-4cf5-bb9b-b0767fd82d86,Museum,Current
ea41e517-96bc-445a-8ef3-3a839ec3c9e5,Developer,Current
ea4bafca-aab6-4acd-bb44-cb9d811c4d06,Developer,Current
ea9b9b9a-df32-4491-9865-f14bd5aedeb6,University,Current
eac4b5a4-93d9-475c-ba7a-c6634bbfd0bf,Consultant,Current
eaf43c2f-c79d-44fa-915d-d7c488796445,Contractor,Current
eb28cef3-e065-416f-8742-3f74a40522e5,Architects,Current
eb33b1b7-e6e1-4918-983c-2468e84b391d,Developer,Current
eb8a14a2-d4a7-4850-9c93-1062736d58c4,Developer,Current
eb93b2f0-000f-468e-8cde-248140745883,Contractor,Current
ebb4adf4-7b7f-4da0-bde5-721b51ab4c3b,Builder,Current
ebc95af0-e624-403d-b7c6-470b49e927c8,Statutory Organisation,Former
ec33e824-ffd7-4f4e-bd0a-56c987824ef8,Consultant,Current
ec420b64-4d39-4867-b25d-ce58f4943056,Consultant,Current
ec4e18e3-8d70-4fee-b4cd-ff181fc2d699,Architects,Current
ec5cefe9-f13f-41d5-8b3f-37f3a267ae4a,Consultant,Current
ec631601-85b6-4346-9558-7819f98d1bb5,Consultant,Current
ec6c7cb8-f512-4584-bff7-10bda9a870f4,Solicitors,Current
ec6fa842-d3bd-4205-84d2-3b1e60c2a5d8,University,Current
ec7d21f3-2f9a-4b1e-99de-8ed8b09e4082,Architects,Current
ec85b999-70fd-4fdb-9801-2881279b7b54,Architects,Current
ec94ac0e-f97d-46ae-8251-0d328ac4e00a,Consultant,Current
ecd10314-b481-4f3f-aa6b-aab1dfdedb36,Developer,Current
ecda8416-1694-4183-aee3-f69f468b981b,Contractor,Current
ece6ac8c-f905-4799-9379-d22eb68bf7b0,Consultant,Current
ed036490-875d-48b0-8b6f-89034d76723b,Consultant,Current
ed12aaa9-ea83-482d-ad9a-247462671644,Museum,Current
ed3dabb6-eeed-4df2-ab26-ef3d5960d084,Developer,Current
ed514331-18ca-49d6-bb64-97eba8574162,Archive,Current
ed676dce-4626-47ec-abf9-d3c522499ced,Contractor,Current
ed7a09e3-995a-4fee-86fb-a3c755521cf7,Other,Current
ed7b52b5-397b-461c-885d-626dbcf74b46,Developer,Current
edaf50bf-8c93-4196-b461-5240ce5601c7,Developer,Current
edc4b32b-5f28-4f20-aaf7-0199e41d2225,Developer,Current
eded56aa-997c-435c-9ce5-7887f279470d,Museum,Current
edf55e8c-8cc1-4632-ae8e-b2d342dc9a37,Agent,Current
ee33b84c-0b7d-41ed-9af9-f504a043f99d,Contractor,Current
ee6d2aef-5ff9-4545-afd9-9b2e957a781c,Developer,Current
ee80ed29-a096-48f5-9a3a-3d1854c21fdf,Consultant,Current
eecd1ced-2c67-41b1-a5b0-f39d68e86ad5,Local amateur group,Current
eee72950-3922-4e7a-9693-f1fdcacb71c9,Consultant,Current
eee8231e-461e-4107-ac17-ef33d1c4c980,Consultant,Current
ef2fea9e-e3ca-4e2e-a650-b241e7f023cb,Architects,Current
ef426b95-eb6b-4e3b-b1c6-2f219e9e364b,Local Government,Current
ef5887c5-f136-4713-806b-59c1ec945087,Architects,Current
ef6efb1d-b512-44e8-9a6b-2eda6372b69e,Local amateur group,Current
ef8d2849-fd04-4a5a-9a45-c887692a3be4,Developer,Current
efac87fe-3df3-4fa6-a020-810fb1a0a50e,Developer,Current
efb99a17-3fc1-4b23-938c-0ff680c9a517,Consultant,Current
effae40a-24b9-4449-9111-6e99930d9813,Developer,Current
f0084a94-edc1-4f4e-bbdb-19f66768225c,Contractor,Current
f0c891e7-2d96-4e60-8189-f9f856bef81b,Consultant,Current
f0e1a214-f16c-4b9d-88f1-9ccce4037ee1,Contractor,Current
f102e0c1-b264-4b73-a213-aedaa4c80c06,Other,Former
f136de7a-f6ab-4b29-b829-58497dc4f1a8,Developer,Current
f150226c-7a10-4d9f-8422-e4e37380ef85,Consultant,Current
f16261ac-6389-421c-a64b-46b6b4c359e1,Contractor,Current
f1777356-2472-4e66-9cab-b5b35b22c813,Other,Current
f1abeb0f-2f68-4bc4-b1e6-f9233ab7d918,Local amateur group,Former
f1de5951-18e9-43a0-81fa-2f640bd71042,Consultant,Current
f214e0f6-d26f-442e-9aa8-b8a408857adb,Developer,Current
f2326322-960c-4a85-acc2-427f1f4aef56,Contractor,Current
f23c5357-cfa9-4a1b-b1c3-8524363c3732,Developer,Current
f278a60c-0a8e-4773-9a5d-f7edc49083eb,Other,Current
f286ca36-2f05-43bf-b82c-665b96ba59a9,Contractor,Current
f299421c-411c-4890-80bb-c10992f5abdc,Local amateur group,Current
f2ab04e0-3779-4326-8e7f-1ff4109a50a9,Architects,Former
f2bfbb6c-76e9-43ca-9a7d-d5aa24671fb7,Museum,Current
f33a233d-7435-44fb-a3d4-b191d461aede,Consultant,Current
f37b9c04-2d85-424f-946c-e0298e7d513b,Developer,Current
f38c40d4-55a5-464e-be7d-a07d68ddc7b3,Local amateur group,Current
f3b1697f-a51c-486e-bfb8-77f183899454,Architects,Current
f3c27a02-a509-4d09-9295-1661b43d3939,Statutory Organisation,Former
f3c9a62c-db10-4d84-9de0-5c019f3a6d4d,Developer,Current
f3ca3289-2ad1-459c-82fb-2811756a79b2,Consultant,Former
f40babcb-86a8-4470-a88e-8a27f6ae8a57,Architects,Current
f4479e61-393d-40a2-a77b-b2b491fd5f6a,Consultant,Current
f479b5d0-846b-48b8-a19d-def6e15f1ab9,Other,Current
f490fda2-dd75-44f9-b420-6b8b09a3d45c,Developer,Current
f4eecdb1-2b82-436a-a006-df28886a02d0,Developer,Current
f53211e0-17a0-4d0c-ab8b-3cd681ed6717,Builder,Former
f5377d5d-f473-4b94-8a66-1c49a87f2d7e,Developer,Current
f54b015a-37b6-4fe6-b7aa-865c2517c0fa,Developer,Current
f54da2f2-8c56-4455-9bd9-182187d0297b,Contractor,Current
f554846e-b31c-4865-824d-4fe37db178ff,Other,Current
f559f74b-1b74-488a-a8fc-68f5eb978afb,Local amateur group,Current
f5aaaf03-bad9-4c2b-8352-4c26ca67563a,Other,Current
f5dfe498-76dd-4a40-bca6-1bdf062bc2c1,Consultant,Former
f5e4c6a8-5424-4879-8fe6-cfaecd5e9b41,Developer,Current
f6064353-c699-4c5a-a2b0-b70d39ea1705,Other,Current
f6475339-ab35-475f-9d1b-558642eea74b,Architects,Current
f64e231a-fd9b-4812-acd7-913545f9c9d9,Local amateur group,Current
f64e5296-151c-44b6-85dc-4a0a8db97194,Other,Current
f6c7de34-ed71-42f3-aee6-5d8fdd222460,Builder,Current
f70a55df-433a-4356-b4fa-1e2663818e47,Developer,Current
f7424f98-2396-4df4-9e95-1803b47eb61f,Developer,Current
f74d6df4-d9f4-4b7f-b1af-4e628ea6b12f,Developer,Current
f75d2825-5b20-4c5e-ae71-34d11b1ff028,Architects,Current
f7625c47-e699-4512-b3ce-eeb41c12b1f1,Developer,Current
f7b8f8e5-00c0-4d4b-8627-2bb89454d94c,Consultant,Current
f7c6fde2-a5ec-4660-a274-12d81831eb15,Contractor,Current
f825c45f-81c8-41c4-80ed-8d9fe8af7e8c,Developer,Current
f8c0dd50-3d81-437f-8b32-ca31d28eb561,Developer,Current
f8d245dc-8f34-41ec-87b4-7ce01a979881,Consultant,Current
f8daa675-f0c5-4910-9d68-5f959550ec26,Developer,Current
f910e70b-91b6-4408-b9c2-5515afc8e873,Contractor,Current
f938844c-2d97-472d-ae9c-630d1b5d383e,Other,Current
f9584855-6c62-4a70-8c6f-4abe038c6deb,Developer,Current
f96c0689-7e58-4ebf-af1e-49fff39da5b2,Architects,Current
f9a6429a-fac4-4ec5-86fb-7714592fa5cb,Historic,Former
f9f531e0-0a59-41a3-a529-f3160497af11,Developer,Current
fa1604e0-120f-4866-9383-fb6df2c7706e,Developer,Current
fa26d2b4-c364-463b-8c74-933bf83f4c3f,Consultant,Current
fa4dd36a-5dbc-4a2b-b402-e72f6364713a,Architects,Current
fa6278b9-5591-46a0-bfc5-9c3012ab6b31,Other,Current
fa7010f8-3755-4c70-9df3-25a9558394eb,Contractor,Current
fa7016ae-f6b1-4076-ba73-0add6b5daa62,Developer,Current
fa8cea68-6c2d-4ae7-b715-b18030878b5b,Developer,Current
fa936fab-f51a-4278-a9fb-31195c4edb5e,Consultant,Current
fa94b52a-6eb9-45ba-a535-accc0467c6ca,Solicitors,Current
faba7f9f-ec0f-438b-9502-d76cd35d01b0,Developer,Current
fb388cc3-6911-428d-967b-c6ee56c94c15,Developer,Current
fb436944-1442-447e-8481-06d3e3c0daa9,Developer,Current
fb80068e-fc76-4c93-bdfc-fffbd2de7e05,Architects,Current
fbe591e4-ed37-4f3a-837c-9071819e1821,Other,Current
fbecd9d0-ddb8-4b00-b77e-5d5d94ab4dfa,Other,Former
fbf5f10e-41f8-46c0-9651-c7de789f87e1,Developer,Current
fc22b5fa-3c1d-4373-a424-e9312418871d,Museum,Current
fc41d650-2b73-43f9-bbc4-69c51aba7814,Architects,Current
fc5906eb-5851-4263-8e16-8da517caf797,Architects,Current
fc785232-3f8b-45a7-9cee-66884a3d3afb,Consultant,Current
fc7e4ff3-a825-4445-a672-9937b5fb3441,Local Government,Current
fc9b3ea3-7be2-4feb-beae-306104dd159f,Consultant,Current
fce2da2e-e2a7-4a6b-8057-676e40429b7e,Local amateur group,Current
fcfa375e-703b-4f80-a30a-fe6ee8d04b8a,Consultant,Current
fd7b1c50-eca4-4854-bd0a-f002d1904f01,Architects,Current
fda2c0a1-0b7b-4d21-94d2-2d2881a7560e,Historic,Former
fe232bc9-1e7b-435f-8bdf-66732b3188d5,Other,Current
fe6cddc8-abd2-4d26-a377-8e76f5030adb,Contractor,Current
fe7dae4b-03ec-4e57-98ae-fff8c69d71c2,Solicitors,Current
fec0b8be-8b8a-4407-8d32-47ca827ae484,Developer,Current
fec6377c-60bf-4db0-85b8-7e6d261ed0a8,Local amateur group,Current
ff1245e6-1ffc-4d2b-8c8b-9287298f3f8b,Local amateur group,Current
ff517fd1-5cf6-49fc-8429-c1114c2f8a41,Contractor,Current
ff6d7f3c-03db-464e-8522-f904d751a186,Architects,Current
ff76ed87-13d7-4953-8a16-28a9d79dd7c8,Other,Current
ffa03b4b-0576-4a82-a326-f245ab818740,Consultant,Current
ffa64fcf-75d1-4a25-b850-8aba9537925a,Local amateur group,Current
ffb57ff9-2580-4557-b42a-dbafccd56345,Consultant,Current
ffbfc543-1c78-4b2d-9c13-eaf5c4ef2505,Developer,Current
